{
  "d44d69c6-03f4-5658-b799-13e84b34cef8": {
    "x": 1580,
    "y": -10
  },
  "4a6969ec-dcf2-567b-9f43-c97606341f88": {
    "x": 1350,
    "y": 130
  },
  "94ca8239-6d47-5a00-92a0-c9129b8fa9b5": {
    "x": 1010,
    "y": 640
  },
  "0539b6f8-146a-5ffe-b253-e98e1d192b03": {
    "x": 780,
    "y": 370
  },
  "cb990a3f-552e-509a-b7b0-7220eaddb704": {
    "x": 550,
    "y": 710
  },
  "f387dab8-340f-578e-8f3e-02daaf4dca3c": {
    "x": 330,
    "y": 1010
  },
  "3450e657-f85f-5365-8ed3-118d64b84419": {
    "x": 1549.0602534295435,
    "y": 690
  },
  "d20b52a5-0f53-5aa3-a3b5-a6c966c40deb": {
    "x": 301.56282093863666,
    "y": 375.62820938636645
  },
  "b5a25b31-36cf-5366-8582-34672fd945db": {
    "x": 1547.814104693183,
    "y": 421.56282093863666
  },
  "aa092ec4-b5bd-5796-9108-7011ce94ed6e": {
    "x": 1080,
    "y": 210
  },
  "c46083aa-48ac-5572-ac24-4028f8e22fc2": {
    "x": 740,
    "y": 60
  },
  "2ba33a29-2eb6-54da-bcfc-5d65af0884f8": {
    "x": 1250,
    "y": 1010
  },
  "5be0d56c-16f6-57b6-b6f3-21fcf9721d59": {
    "x": 1350,
    "y": -10
  },
  "4f22e0a2-ed1b-5e56-a259-0bfeb7560b43": {
    "x": 1580,
    "y": 130
  },
  "7515e664-7626-5400-917d-e0ad0ca90a0c": {
    "x": 2860,
    "y": 660
  },
  "b3c1965d-b739-5c77-9e13-399a39408598": {
    "x": 550,
    "y": 850
  },
  "309395ec-efcf-5dac-ab91-32fcaf546489": {
    "x": 550,
    "y": 1010
  },
  "fe208038-04c0-518d-9933-6488570a049e": {
    "x": 1010,
    "y": 474.08592852047536
  },
  "a0970ee3-17b4-55f5-8e44-496f07369f57": {
    "x": 1289.0602534295433,
    "y": 662.5025675090932
  },
  "b128613a-8ed1-5ae3-b46d-08701d27b1e3": {
    "x": 780,
    "y": 710
  },
  "d77e86a0-4099-53c7-b9fe-784166078a91": {
    "x": 1107.7935646204378,
    "y": 810.6230743681801
  },
  "369e56b8-67e6-59b9-a457-fbc518cd54ba": {
    "x": 1220,
    "y": 400
  },
  "9a2c1293-d824-531b-9016-6295f055f8fc": {
    "x": 1290,
    "y": 530
  },
  "58c76267-bcc7-53b9-9047-0f0c3720e828": {
    "x": 543.1256418772733,
    "y": 370.9397465704565
  },
  "f033c952-c874-588d-9de0-7b9381fcfd26": {
    "x": 620,
    "y": 220
  },
  "84798f66-65b5-5525-a883-b7f8fcef98ff": {
    "x": 830,
    "y": 220
  },
  "afcb7025-ccd6-578a-8468-de7a0c5ac9e9": {
    "x": 910,
    "y": 980
  },
  "6fc5c448-a787-561b-942a-0921cbccf056": {
    "x": 1250,
    "y": 1170
  },
  "4aafed9e-2151-5374-a6d7-15e506ebacbd": {
    "x": 320,
    "y": 850
  },
  "f29ade86-90ee-53d7-8c64-6e38800b37b6": {
    "x": 330,
    "y": 1160
  },
  "8aa16393-6759-5dbe-b6b4-908c834f8fcb": {
    "x": 1660,
    "y": 1010
  },
  "bf3828fb-2c40-5199-8f50-ab2f92a9989b": {
    "x": 1410,
    "y": 870
  },
  "e5f504b3-14f5-5d43-a45a-b6a3f4d747cf": {
    "x": 1550,
    "y": 560
  },
  "92ce9e30-6620-5d8d-9ecc-2445a05ea81d": {
    "x": 1370,
    "y": 270
  },
  "ea18b0e3-ecde-5f96-a857-df2c53527b2e": {
    "x": 1580,
    "y": 270
  },
  "28400c89-770d-5ea5-9cd8-09c943a9529c": {
    "x": 1080,
    "y": 80
  },
  "aa33fda2-3864-5e7d-aa96-6f68a7aed29b": {
    "x": 780,
    "y": 850
  },
  "e8b7d64e-f107-5a13-b6c6-8c8c8e1d7cb0": {
    "x": 780,
    "y": 570
  }
}