{
  "d08e87bd-dab2-5d3b-82da-3f169976f088": {
    "x": 621.2946359077871,
    "y": 1067.0982119692624
  },
  "daee8070-25ae-5bbf-89da-ad50500e7d76": {
    "x": 150,
    "y": 980
  },
  "705d3941-27c3-56d5-bfbe-ab7f71740566": {
    "x": 520,
    "y": 1480
  },
  "86f65f28-6459-5277-91ba-882f5ef6d346": {
    "x": 630,
    "y": 1230
  },
  "2dca05f1-618d-53ab-aa10-ac83cd77e19b": {
    "x": 950,
    "y": 1480
  },
  "453e1ceb-cec1-564b-a70c-600cb2a7c33f": {
    "x": 580,
    "y": 670
  },
  "010c5417-f32f-5b90-be9f-779c7e5f1907": {
    "x": 150,
    "y": 750
  },
  "f2287a7d-a9cb-5bb3-8495-9112f9e0adf1": {
    "x": 360,
    "y": 610
  },
  "0430c1a8-076e-5f12-8300-88a61da6d1a0": {
    "x": 830,
    "y": 560
  },
  "7704522c-981c-5169-91a4-10716eecc7dd": {
    "x": 300,
    "y": 1360
  },
  "4a0c2a2d-f8f1-5c60-a7c4-34d4d84810dc": {
    "x": 919.8548846542014,
    "y": 910.502202608095
  },
  "ce7ec037-b360-58bc-ae55-09cebafc6082": {
    "x": 1083.0691889001025,
    "y": 1231.3169214313534
  },
  "231d2aad-979c-5d1b-a9aa-0b5eee576c94": {
    "x": 859.5,
    "y": 169.125
  },
  "d717fd3d-3271-59b7-a4a1-88c5998dd9b7": {
    "x": 1160,
    "y": 1360
  },
  "92589f13-a2c2-510f-9256-ce2f83013271": {
    "x": 1083.069188900102,
    "y": 1112.633842862707
  },
  "44d8a924-f070-5a8b-95bd-17f02eaa3b4a": {
    "x": 730,
    "y": 1360
  },
  "58678000-f45f-57fc-ba52-e084f95e1a1d": {
    "x": 390,
    "y": 990
  },
  "5f7ebd0b-de56-5220-83dc-5de2d23a5c7f": {
    "x": 420,
    "y": 870
  },
  "8b13eacd-e7f8-5257-9c88-c3ec7fbcd736": {
    "x": 410,
    "y": 1230
  },
  "f9d66b66-a8f4-54fc-8277-a94b1076b698": {
    "x": 640,
    "y": 940
  },
  "5e535658-0540-41a4-abdb-8cc6eaf73853": {
    "x": 859.5,
    "y": 281.875
  },
  "0c27a428-7455-41d7-a79c-d15e9c09fca7": {
    "x": 1050.5,
    "y": 281.875
  },
  "8d6b2fec-6546-4a97-9027-40d3de809d46": {
    "x": 1241.5,
    "y": 281.875
  },
  "e5fb1f5d-310a-5352-8018-4ee719bd7797": {
    "x": 150,
    "y": 860
  },
  "d9e5b183-8444-4545-93d5-6b968a59f45a": {
    "x": 95.5,
    "y": 394.625
  },
  "06bf9a02-cbab-4701-b46d-468a3f653527": {
    "x": 286.5,
    "y": 394.625
  },
  "d0ac1ea2-03a4-4d25-be25-6948e40d8a4a": {
    "x": 477.5,
    "y": 394.625
  },
  "c4ed4524-5194-520f-90b9-f6c2e69da504": {
    "x": 150,
    "y": 1100
  },
  "14d4caf7-5d1d-4373-8f77-d7542836ec62": {
    "x": 859.5,
    "y": 394.625
  },
  "20fda468-611a-40d2-97d8-3c6b41e69bfe": {
    "x": 1050.5,
    "y": 394.625
  },
  "66c51b1a-9542-54ed-a96d-47acb7d4b9d3": {
    "x": 844.6763410230532,
    "y": 1073.4039906388323
  },
  "040d781c-9f85-50b9-9fed-beb44bb604e0": {
    "x": 1170.0222855235668,
    "y": 992.8012437320721
  },
  "158c73db-3bb2-5649-b6ed-750c12c27476": {
    "x": 1160,
    "y": 1480
  },
  "c4d4f50e-e68b-5b70-8ffc-0bfd021ddf4e": {
    "x": 730,
    "y": 1480
  },
  "3e7355e6-7384-55b2-a0e3-3b35d941ff7e": {
    "x": 648.3482768299166,
    "y": 811.3169214313536
  },
  "b8ba1840-4a9a-5368-b26c-3f4633a37ce4": {
    "x": 1174.2476028099431,
    "y": 881.8056813785894
  },
  "198d5c8d-b866-4220-aa83-9f5c16413ba1": {
    "x": 859.5,
    "y": 507.375
  },
  "90b0b93d-6cdf-4295-b433-1e61e34b8086": {
    "x": 1050.5,
    "y": 507.375
  },
  "bdca8e7f-626f-5499-baa5-5a6ce808001c": {
    "x": 1019.680875960553,
    "y": 695.4776171854523
  },
  "ad834b05-f753-56d8-986c-6cb3490bbcbc": {
    "x": 1219.5536409221295,
    "y": 754.0378659318668
  },
  "e3c197aa-0e3e-5a94-a390-add73604c839": {
    "x": 808.8703029108664,
    "y": 694.6562256772546
  },
  "bb1fe614-cdc6-58bd-8578-56b4a100b289": {
    "x": 360,
    "y": 730
  },
  "aebe99ed-7992-5d65-81c3-d7960b524096": {
    "x": 150,
    "y": 610
  },
  "d68e6849-524b-557d-9c3e-b4e2cf8b899e": {
    "x": 580,
    "y": 550
  },
  "5c55c4db-6afe-5941-bb8c-a28c72dc5e0e": {
    "x": 1050,
    "y": 560
  },
  "0864b1b3-96f5-5936-b185-629c9f00d871": {
    "x": 950,
    "y": 1360
  },
  "7505b052-91ff-4617-b980-f903e1b4fb1a": {
    "x": 1241.5,
    "y": 620.125
  },
  "7293eac6-a776-4447-99ea-2851f8e3a28c": {
    "x": 1432.5,
    "y": 620.125
  },
  "40f96cfc-1dca-530f-80ce-4f94aa13cfb0": {
    "x": 850,
    "y": 1230
  },
  "ed75c6f8-bc2a-51ea-a169-4b9a2088c883": {
    "x": 520,
    "y": 1360
  },
  "dce7d66f-8855-5b71-84ac-7cacbb9f1a65": {
    "x": 300,
    "y": 1480
  },
  "949508d4-3a7c-596f-a402-5fe4c243ff1b": {
    "x": 390,
    "y": 1100
  },
  "54379afc-d4fc-50ff-8121-385c26d66189": {
    "x": 1320.8592898703914,
    "y": 1242.421870946209
  },
  "799f9ff2-9801-44da-a40e-a8a573222664": {
    "x": 1050.5,
    "y": 732.875
  },
  "06e33bb2-81f5-4ad2-9d30-616712ba2a9d": {
    "x": 1241.5,
    "y": 732.875
  },
  "cf0066b8-2822-44e0-9c6b-2cd1248d2bed": {
    "x": 1432.5,
    "y": 732.875
  },
  "94ab36c0-7dd5-5ac1-bbbf-c144872df1eb": {
    "x": 1322.6338428627073,
    "y": 1119.5423684390382
  },
  "59eaebdf-4b4f-5b4f-8a79-ca5fa9465985": {
    "x": 200,
    "y": 1230
  },
  "24ea5249-f538-431f-b81a-6e16764030a3": {
    "x": 477.5,
    "y": 845.625
  },
  "f8588b05-38f7-44fa-bef4-501ef204a540": {
    "x": 668.5,
    "y": 845.625
  },
  "fae5280e-5b1e-4f71-a107-acc1279275c9": {
    "x": 859.5,
    "y": 845.625
  }
}