{
  "d08e87bd-dab2-5d3b-82da-3f169976f088": {
    "x": 620,
    "y": 1070
  },
  "daee8070-25ae-5bbf-89da-ad50500e7d76": {
    "x": 150,
    "y": 980
  },
  "705d3941-27c3-56d5-bfbe-ab7f71740566": {
    "x": 397.1756731086067,
    "y": 1470.1740538486888
  },
  "86f65f28-6459-5277-91ba-882f5ef6d346": {
    "x": 630,
    "y": 1230
  },
  "2dca05f1-618d-53ab-aa10-ac83cd77e19b": {
    "x": 1072.824326891393,
    "y": 1473.449369232459
  },
  "453e1ceb-cec1-564b-a70c-600cb2a7c33f": {
    "x": 558.7104500054918,
    "y": 802.6502730427046
  },
  "010c5417-f32f-5b90-be9f-779c7e5f1907": {
    "x": 150,
    "y": 750
  },
  "f2287a7d-a9cb-5bb3-8495-9112f9e0adf1": {
    "x": 355.0870269243442,
    "y": 701.7088307455734
  },
  "0430c1a8-076e-5f12-8300-88a61da6d1a0": {
    "x": 651.32125773582,
    "y": 682.8243268913932
  },
  "7704522c-981c-5169-91a4-10716eecc7dd": {
    "x": 398.2594615131146,
    "y": 1353.4493692324593
  },
  "4a0c2a2d-f8f1-5c60-a7c4-34d4d84810dc": {
    "x": 920,
    "y": 910
  },
  "ce7ec037-b360-58bc-ae55-09cebafc6082": {
    "x": 1080,
    "y": 1230
  },
  "231d2aad-979c-5d1b-a9aa-0b5eee576c94": {
    "x": 668.5,
    "y": 186.21428571428572
  },
  "d717fd3d-3271-59b7-a4a1-88c5998dd9b7": {
    "x": 1281.186669199508,
    "y": 1356.7246846162295
  },
  "92589f13-a2c2-510f-9256-ce2f83013271": {
    "x": 1080,
    "y": 1110
  },
  "44d8a924-f070-5a8b-95bd-17f02eaa3b4a": {
    "x": 856.0996422751637,
    "y": 1356.7246846162295
  },
  "dd15c47b-bb6a-5a05-be5f-985c0375b9e5": {
    "x": 631.6853886681162,
    "y": 1355.501877720349
  },
  "94ab36c0-7dd5-5ac1-bbbf-c144872df1eb": {
    "x": 1290,
    "y": 1110
  },
  "66c51b1a-9542-54ed-a96d-47acb7d4b9d3": {
    "x": 840,
    "y": 1070
  },
  "040d781c-9f85-50b9-9fed-beb44bb604e0": {
    "x": 1170,
    "y": 990
  },
  "0864b1b3-96f5-5936-b185-629c9f00d871": {
    "x": 1072.824326891393,
    "y": 1360
  },
  "a37d70d9-5d74-462b-bdb2-46b87749d649": {
    "x": 668.5,
    "y": 310.35714285714283
  },
  "4c83b7fc-891f-4849-8659-46e8a491b37e": {
    "x": 859.5,
    "y": 310.35714285714283
  },
  "ec6beac5-a279-5f7b-9bae-0af46341a924": {
    "x": 641.0855770286893,
    "y": 1474.73176178755
  },
  "40f96cfc-1dca-530f-80ce-4f94aa13cfb0": {
    "x": 850,
    "y": 1230
  },
  "bb48225e-2f92-5087-b897-4843e5f52a2b": {
    "x": 655.1504424069682,
    "y": 570.9414422971311
  },
  "089b896d-6a81-5e7c-b363-1df340163630": {
    "x": 170.52216154606563,
    "y": 1243.1012615350821
  },
  "2b9a8496-1f2c-47a8-91b6-857163b317f5": {
    "x": 95.5,
    "y": 434.5
  },
  "5cd1c3bf-2e9f-4177-bd9b-d39b00368360": {
    "x": 286.5,
    "y": 434.5
  },
  "8ab7d2a8-76f4-45fa-a782-ad52ba59c225": {
    "x": 477.5,
    "y": 434.5
  },
  "15ada15d-8d3e-59e7-8ac7-d7cf744ed727": {
    "x": 1066.3765769188524,
    "y": 651.6376576918852
  },
  "debe24e7-a68f-43da-b9d3-66febfd3efd2": {
    "x": 859.5,
    "y": 434.5
  },
  "f14e4e2c-de72-4528-aa6b-e959b5662e62": {
    "x": 1050.5,
    "y": 434.5
  },
  "92903eaf-c30e-4695-8d7d-c107af22a1fa": {
    "x": 1241.5,
    "y": 434.5
  },
  "f25360a2-83eb-4e23-91f9-0a022550b220": {
    "x": 1432.5,
    "y": 434.5
  },
  "601e08cb-9915-5749-897c-c5ca3c08c259": {
    "x": 854.5648653782787,
    "y": 675.0870269243442
  },
  "d3991db6-edb6-5a39-a998-747a4310a47e": {
    "x": 1170,
    "y": 760
  },
  "9d9c12f1-193f-505b-aa4b-bb0b5396de0c": {
    "x": 1170,
    "y": 880
  },
  "ac266c23-bfdf-54b2-8644-d1f1cd582763": {
    "x": 1290,
    "y": 1230
  },
  "9626bb96-0fb8-4f65-90a4-e1a2b0c61025": {
    "x": 668.5,
    "y": 558.6428571428571
  },
  "8398d2a5-2fc7-472e-b1d2-53e949870c38": {
    "x": 859.5,
    "y": 558.6428571428571
  },
  "1b9121d0-fb0e-43d5-8bc5-6704b912de3d": {
    "x": 1050.5,
    "y": 558.6428571428571
  },
  "cedc5012-9ee0-5cf0-bd79-c329101733cf": {
    "x": 700,
    "y": 920
  },
  "e37bb2db-3d12-410a-9652-85f1d40fbc2f": {
    "x": 1432.5,
    "y": 558.6428571428571
  },
  "3f4edca3-f0ef-4343-9feb-1584cc2ed69c": {
    "x": 1623.5,
    "y": 558.6428571428571
  },
  "64b4bd4e-c027-47c3-a5f4-e5d4c3d092c6": {
    "x": 95.5,
    "y": 682.7857142857142
  },
  "2cd3cbb8-77d9-50dd-8a0d-6e28fd5f1082": {
    "x": 390,
    "y": 980
  },
  "6e7e9964-2258-5b6a-bc0b-dc8c7fb75608": {
    "x": 165.71206926541012,
    "y": 1412.8560346327051
  },
  "1da19de3-45de-583f-b9ca-9bd1d3ff8423": {
    "x": 150,
    "y": 1100
  },
  "913563aa-4488-4aac-acfa-248a6941b64b": {
    "x": 859.5,
    "y": 682.7857142857142
  },
  "ca9a1a81-5ca6-4093-b157-69a5503224c1": {
    "x": 1050.5,
    "y": 682.7857142857142
  },
  "5a7b8aad-60b5-5981-90bd-86eaa07dbd29": {
    "x": 390,
    "y": 1100
  },
  "e7bd564d-6b20-5986-baeb-5bead48435e8": {
    "x": 400,
    "y": 1230
  },
  "996049e9-d315-55a2-ab98-05d7b6ed82e8": {
    "x": 859.3749576589341,
    "y": 1473.449369232459
  },
  "c50e0b24-dca2-5946-a9f2-377e38e09eb2": {
    "x": 1277.9113538157376,
    "y": 1475.0870269243444
  },
  "8bff07d3-25ee-5b21-a08b-dab02abe03eb": {
    "x": 764.5648653782787,
    "y": 793.2753153837705
  },
  "e146ccce-7547-5024-8417-8e87db3e798b": {
    "x": 353.44936923245893,
    "y": 820.4192807510656
  },
  "79915597-67b8-54b3-a44e-0d73a5865b38": {
    "x": 150,
    "y": 860
  },
  "9bbc9ce8-d400-41ab-95cf-627adec3da89": {
    "x": 859.5,
    "y": 806.9285714285714
  },
  "38ddfb25-ee24-474e-a0fb-052a44168b0e": {
    "x": 1050.5,
    "y": 806.9285714285714
  },
  "1424ff00-15c8-4fa2-b4e8-0868100af497": {
    "x": 1241.5,
    "y": 806.9285714285714
  },
  "ff60c358-edc7-5d1a-b2eb-d41a5fb70dff": {
    "x": 225.71206926541007,
    "y": 585.1581999780326
  },
  "3887b9c7-2e6e-50eb-a696-2d90bd921ece": {
    "x": 432.61080773032825,
    "y": 587.840180762049
  }
}