{
  "d08e87bd-dab2-5d3b-82da-3f169976f088": {
    "x": 600,
    "y": 1060
  },
  "daee8070-25ae-5bbf-89da-ad50500e7d76": {
    "x": 150,
    "y": 980
  },
  "705d3941-27c3-56d5-bfbe-ab7f71740566": {
    "x": 520,
    "y": 1480
  },
  "86f65f28-6459-5277-91ba-882f5ef6d346": {
    "x": 633.0567974186525,
    "y": 1230
  },
  "2dca05f1-618d-53ab-aa10-ac83cd77e19b": {
    "x": 950,
    "y": 1480
  },
  "453e1ceb-cec1-564b-a70c-600cb2a7c33f": {
    "x": 580,
    "y": 670
  },
  "010c5417-f32f-5b90-be9f-779c7e5f1907": {
    "x": 150,
    "y": 750
  },
  "f2287a7d-a9cb-5bb3-8495-9112f9e0adf1": {
    "x": 360,
    "y": 610
  },
  "0430c1a8-076e-5f12-8300-88a61da6d1a0": {
    "x": 830,
    "y": 560
  },
  "7704522c-981c-5169-91a4-10716eecc7dd": {
    "x": 300,
    "y": 1360
  },
  "4a0c2a2d-f8f1-5c60-a7c4-34d4d84810dc": {
    "x": 840,
    "y": 820
  },
  "ce7ec037-b360-58bc-ae55-09cebafc6082": {
    "x": 1060,
    "y": 1100
  },
  "231d2aad-979c-5d1b-a9aa-0b5eee576c94": {
    "x": 668.5,
    "y": 226.75
  },
  "d717fd3d-3271-59b7-a4a1-88c5998dd9b7": {
    "x": 1160,
    "y": 1360
  },
  "92589f13-a2c2-510f-9256-ce2f83013271": {
    "x": 1060,
    "y": 850
  },
  "44d8a924-f070-5a8b-95bd-17f02eaa3b4a": {
    "x": 730,
    "y": 1360
  },
  "58678000-f45f-57fc-ba52-e084f95e1a1d": {
    "x": 390,
    "y": 990
  },
  "5f7ebd0b-de56-5220-83dc-5de2d23a5c7f": {
    "x": 420,
    "y": 870
  },
  "8b13eacd-e7f8-5257-9c88-c3ec7fbcd736": {
    "x": 413.05679741865254,
    "y": 1226.528398709326
  },
  "f9d66b66-a8f4-54fc-8277-a94b1076b698": {
    "x": 640,
    "y": 940
  },
  "411c6031-507e-4cd3-8ef8-ce6757ee1fff": {
    "x": 477.5,
    "y": 377.91666666666663
  },
  "0b5ec90f-70ba-44f7-a6ed-1c492fe9471a": {
    "x": 668.5,
    "y": 377.91666666666663
  },
  "79983718-389d-4d41-90bf-2221486b39fc": {
    "x": 859.5,
    "y": 377.91666666666663
  },
  "e5fb1f5d-310a-5352-8018-4ee719bd7797": {
    "x": 150,
    "y": 860
  },
  "9e0482dc-3797-4416-af75-dd21ec37c0c5": {
    "x": 1241.5,
    "y": 377.91666666666663
  },
  "7aac24a6-2875-472d-84be-de5070fc0a71": {
    "x": 1432.5,
    "y": 377.91666666666663
  },
  "38de9351-9ae8-4352-acd2-a3dd70643285": {
    "x": 1623.5,
    "y": 377.91666666666663
  },
  "c4ed4524-5194-520f-90b9-f6c2e69da504": {
    "x": 150,
    "y": 1100
  },
  "aac9a552-a1dd-443b-9cc0-40b97327a0f5": {
    "x": 286.5,
    "y": 529.0833333333334
  },
  "a6a0744b-6148-4433-a859-72b1bf748f12": {
    "x": 477.5,
    "y": 529.0833333333334
  },
  "66c51b1a-9542-54ed-a96d-47acb7d4b9d3": {
    "x": 850,
    "y": 990
  },
  "040d781c-9f85-50b9-9fed-beb44bb604e0": {
    "x": 1060,
    "y": 700
  },
  "158c73db-3bb2-5649-b6ed-750c12c27476": {
    "x": 1160,
    "y": 1480
  },
  "c4d4f50e-e68b-5b70-8ffc-0bfd021ddf4e": {
    "x": 730,
    "y": 1480
  },
  "3e7355e6-7384-55b2-a0e3-3b35d941ff7e": {
    "x": 840,
    "y": 680
  },
  "841a221d-7b04-5073-ae78-5d7c671ffbf7": {
    "x": 630,
    "y": 810
  },
  "bb1fe614-cdc6-58bd-8578-56b4a100b289": {
    "x": 360,
    "y": 730
  },
  "aebe99ed-7992-5d65-81c3-d7960b524096": {
    "x": 150,
    "y": 610
  },
  "d68e6849-524b-557d-9c3e-b4e2cf8b899e": {
    "x": 580,
    "y": 550
  },
  "5c55c4db-6afe-5941-bb8c-a28c72dc5e0e": {
    "x": 1050,
    "y": 560
  },
  "0864b1b3-96f5-5936-b185-629c9f00d871": {
    "x": 950,
    "y": 1360
  },
  "82670ccf-a48a-4494-ae8c-514f48759815": {
    "x": 1050.5,
    "y": 680.25
  },
  "bd0582db-7b60-404c-896d-49b55e3253a1": {
    "x": 1241.5,
    "y": 680.25
  },
  "40f96cfc-1dca-530f-80ce-4f94aa13cfb0": {
    "x": 849.5851961279787,
    "y": 1229.5851961279793
  },
  "ed75c6f8-bc2a-51ea-a169-4b9a2088c883": {
    "x": 520,
    "y": 1360
  },
  "dce7d66f-8855-5b71-84ac-7cacbb9f1a65": {
    "x": 300,
    "y": 1480
  },
  "949508d4-3a7c-596f-a402-5fe4c243ff1b": {
    "x": 390,
    "y": 1100
  },
  "54379afc-d4fc-50ff-8121-385c26d66189": {
    "x": 1059.585196127979,
    "y": 1227.685599139551
  },
  "a18b4486-f2a8-43ad-90b7-b880d9e41b3e": {
    "x": 668.5,
    "y": 831.4166666666666
  },
  "c75aaf0e-1bcd-4e56-85ca-3404f5ded75c": {
    "x": 859.5,
    "y": 831.4166666666666
  },
  "14fb1c3d-741d-482e-813c-5cd8f79a2a17": {
    "x": 1050.5,
    "y": 831.4166666666666
  },
  "94ab36c0-7dd5-5ac1-bbbf-c144872df1eb": {
    "x": 1060,
    "y": 990
  },
  "59eaebdf-4b4f-5b4f-8a79-ca5fa9465985": {
    "x": 200,
    "y": 1230
  }
}