{
  "8c70c5f5-2761-4874-bc45-f8f7eaf3370e": {
    "x": 90.5,
    "y": 45.5
  },
  "26a5e364-6174-40d6-a02c-6691b44f722c": {
    "x": 90.5,
    "y": 186.5
  },
  "6c98e6e3-1f62-421f-bb13-7e0cf2859f8f": {
    "x": 1014.5,
    "y": 962
  },
  "112cf4c6-a312-4982-a61a-add106324f17": {
    "x": 552.5,
    "y": 468.5
  },
  "dc5fa891-a88d-48a6-949c-35bcf76b34ae": {
    "x": 552.5,
    "y": 1032.5
  },
  "916e4db5-ab9e-4de1-9ba8-34f72d450041": {
    "x": 90.5,
    "y": 327.5
  },
  "6f2ab16f-0f3a-4787-be50-a608b0881257": {
    "x": 552.5,
    "y": 609.5
  },
  "7ccb0581-ec5a-46ab-bef7-b7547137dcee": {
    "x": 90.5,
    "y": 468.5
  },
  "425155b7-7d63-4956-9610-72f83b244eff": {
    "x": 90.5,
    "y": 609.5
  },
  "c028cb98-1dbc-4e5f-bfbb-1cb3ce47717f": {
    "x": 90.5,
    "y": 750.5
  },
  "7bdfea59-e3ee-40eb-92ff-9b641455e200": {
    "x": 90.5,
    "y": 891.5
  },
  "761d9502-bded-4ae3-888c-8da5c742f330": {
    "x": 1476.5,
    "y": 821
  },
  "1641caaf-b63f-48e7-81e3-accfdd3ff0b5": {
    "x": 90.5,
    "y": 1032.5
  },
  "1c248809-d23b-4256-8236-203893a066bf": {
    "x": 90.5,
    "y": 1173.5
  },
  "3d0ca1c6-09be-4c7d-8ff5-1aa912b4c22a": {
    "x": 1476.5,
    "y": 1032.5
  },
  "a86a18ac-377c-4eff-8a5b-e6b9b2c57c0e": {
    "x": 90.5,
    "y": 1314.5
  },
  "97c2fa8a-a25e-452d-8e11-458eabe0747c": {
    "x": 90.5,
    "y": 1455.5
  },
  "1cde4c98-9af9-404e-a187-313b0920af00": {
    "x": 783.5,
    "y": 468.5
  },
  "99880558-99f6-45d1-a6ae-aba0bd5ab0fc": {
    "x": 783.5,
    "y": 609.5
  },
  "1251d9cc-4d0d-4cf4-a9a9-44442811fc8e": {
    "x": 783.5,
    "y": 1032.5
  },
  "a9ea4993-e9a2-450f-b0ba-94c90aadfb34": {
    "x": 1245.5,
    "y": 821
  },
  "62c16dfb-8429-41e2-a8b4-e4f608f2ed65": {
    "x": 1245.5,
    "y": 962
  },
  "18d57b53-b7c8-479a-91e6-3216b53803fb": {
    "x": 1245.5,
    "y": 1103
  },
  "df452ffb-066c-4eea-ba2c-8d3cfed1c21b": {
    "x": 497.3429452427794,
    "y": 201.12237093221208
  }
}
