{
  "d44d69c6-03f4-5658-b799-13e84b34cef8": {
    "x": 420.93205574912884,
    "y": 62.70905923344948
  },
  "4a6969ec-dcf2-567b-9f43-c97606341f88": {
    "x": 319.2421602787456,
    "y": 206.98606271777
  },
  "94ca8239-6d47-5a00-92a0-c9129b8fa9b5": {
    "x": 1010,
    "y": 640
  },
  "0539b6f8-146a-5ffe-b253-e98e1d192b03": {
    "x": 780,
    "y": 370
  },
  "cb990a3f-552e-509a-b7b0-7220eaddb704": {
    "x": 550,
    "y": 710
  },
  "f387dab8-340f-578e-8f3e-02daaf4dca3c": {
    "x": 320,
    "y": 980
  },
  "3450e657-f85f-5365-8ed3-118d64b84419": {
    "x": 1550,
    "y": 690
  },
  "d20b52a5-0f53-5aa3-a3b5-a6c966c40deb": {
    "x": 321.44599303135885,
    "y": 370
  },
  "b5a25b31-36cf-5366-8582-34672fd945db": {
    "x": 1550,
    "y": 420
  },
  "aa092ec4-b5bd-5796-9108-7011ce94ed6e": {
    "x": 1080,
    "y": 210
  },
  "c46083aa-48ac-5572-ac24-4028f8e22fc2": {
    "x": 778.493031358885,
    "y": 68.55400696864112
  },
  "2ba33a29-2eb6-54da-bcfc-5d65af0884f8": {
    "x": 1250,
    "y": 990
  },
  "5be0d56c-16f6-57b6-b6f3-21fcf9721d59": {
    "x": 550,
    "y": 1120
  },
  "4f22e0a2-ed1b-5e56-a259-0bfeb7560b43": {
    "x": 547.8164924506387,
    "y": 206.98606271777004
  },
  "7515e664-7626-5400-917d-e0ad0ca90a0c": {
    "x": 1050.5,
    "y": 264.29999999999995
  },
  "b3c1965d-b739-5c77-9e13-399a39408598": {
    "x": 550,
    "y": 850
  },
  "309395ec-efcf-5dac-ab91-32fcaf546489": {
    "x": 1010,
    "y": 1120
  },
  "fe208038-04c0-518d-9933-6488570a049e": {
    "x": 1012.6655052264806,
    "y": 381.1817653890825
  },
  "a0970ee3-17b4-55f5-8e44-496f07369f57": {
    "x": 1274.7502903600464,
    "y": 670.9581881533101
  },
  "b128613a-8ed1-5ae3-b46d-08701d27b1e3": {
    "x": 774.7270615563298,
    "y": 713.7282229965157
  },
  "d77e86a0-4099-53c7-b9fe-784166078a91": {
    "x": 1141.5098722415792,
    "y": 816.3763066202091
  },
  "369e56b8-67e6-59b9-a457-fbc518cd54ba": {
    "x": 1226.0104529616726,
    "y": 397.2299651567944
  },
  "9a2c1293-d824-531b-9016-6295f055f8fc": {
    "x": 1272.0180023228802,
    "y": 539.7967479674799
  },
  "58c76267-bcc7-53b9-9047-0f0c3720e828": {
    "x": 555.2932636469222,
    "y": 374.4192799070848
  },
  "f033c952-c874-588d-9de0-7b9381fcfd26": {
    "x": 564.2334494773518,
    "y": 515.5603948896633
  },
  "84798f66-65b5-5525-a883-b7f8fcef98ff": {
    "x": 778.4698025551685,
    "y": 214.74448315911735
  },
  "afcb7025-ccd6-578a-8468-de7a0c5ac9e9": {
    "x": 1011.239837398374,
    "y": 986.0307781649245
  },
  "6fc5c448-a787-561b-942a-0921cbccf056": {
    "x": 1250.51393728223,
    "y": 1120.4094076655053
  },
  "4aafed9e-2151-5374-a6d7-15e506ebacbd": {
    "x": 318.51335656213706,
    "y": 848.1068524970965
  },
  "f29ade86-90ee-53d7-8c64-6e38800b37b6": {
    "x": 547.006387921022,
    "y": 980.6939605110338
  },
  "8aa16393-6759-5dbe-b6b4-908c834f8fcb": {
    "x": 1354.3205574912895,
    "y": 821.0191637630663
  },
  "bf3828fb-2c40-5199-8f50-ab2f92a9989b": {
    "x": 1555.7259001161442,
    "y": 903.7078977932638
  },
  "e5f504b3-14f5-5d43-a45a-b6a3f4d747cf": {
    "x": 1550.4094076655051,
    "y": 561.547619047619
  },
  "92ce9e30-6620-5d8d-9ecc-2445a05ea81d": {
    "x": 1580.7346109175378,
    "y": 272.13704994192796
  },
  "ea18b0e3-ecde-5f96-a857-df2c53527b2e": {
    "x": 1353.0139372822298,
    "y": 262.1573751451801
  },
  "28400c89-770d-5ea5-9cd8-09c943a9529c": {
    "x": 1081.09756097561,
    "y": 88.22590011614413
  },
  "aa33fda2-3864-5e7d-aa96-6f68a7aed29b": {
    "x": 817.1109175377466,
    "y": 886.945412311266
  },
  "e8b7d64e-f107-5a13-b6c6-8c8c8e1d7cb0": {
    "x": 781.8554006968641,
    "y": 514.8461091753774
  },
  "82f8964f-e021-5dd0-887c-c228947bfa91": {
    "x": 320,
    "y": 1120
  },
  "8767f63d-f484-4226-8600-fa5059a75244": {
    "x": 668.5,
    "y": 792.9
  },
  "a80b86e4-ee91-41d4-a36c-965a9dc585cc": {
    "x": 859.5,
    "y": 792.9
  },
  "550539ab-aed1-41ca-97e2-fc3ce0c07197": {
    "x": 1050.5,
    "y": 792.9
  },
  "074e6b5c-846a-5a58-b369-ccc1bdc3098a": {
    "x": 785.2119628339141,
    "y": 1117.9036004645761
  }
}