{
  "d08e87bd-dab2-5d3b-82da-3f169976f088": {
    "x": 600,
    "y": 1060
  },
  "daee8070-25ae-5bbf-89da-ad50500e7d76": {
    "x": 130,
    "y": 1010
  },
  "705d3941-27c3-56d5-bfbe-ab7f71740566": {
    "x": 490,
    "y": 1480
  },
  "86f65f28-6459-5277-91ba-882f5ef6d346": {
    "x": 640,
    "y": 1230
  },
  "2dca05f1-618d-53ab-aa10-ac83cd77e19b": {
    "x": 960,
    "y": 1480
  },
  "453e1ceb-cec1-564b-a70c-600cb2a7c33f": {
    "x": 660,
    "y": 620
  },
  "010c5417-f32f-5b90-be9f-779c7e5f1907": {
    "x": 40,
    "y": 770
  },
  "f2287a7d-a9cb-5bb3-8495-9112f9e0adf1": {
    "x": 440,
    "y": 510
  },
  "0430c1a8-076e-5f12-8300-88a61da6d1a0": {
    "x": 40,
    "y": 630
  },
  "7704522c-981c-5169-91a4-10716eecc7dd": {
    "x": 280,
    "y": 1370
  },
  "4a0c2a2d-f8f1-5c60-a7c4-34d4d84810dc": {
    "x": 880,
    "y": 820
  },
  "ce7ec037-b360-58bc-ae55-09cebafc6082": {
    "x": 1100,
    "y": 1100
  },
  "231d2aad-979c-5d1b-a9aa-0b5eee576c94": {
    "x": 668.5,
    "y": 212.75
  },
  "d717fd3d-3271-59b7-a4a1-88c5998dd9b7": {
    "x": 1170,
    "y": 1370
  },
  "92589f13-a2c2-510f-9256-ce2f83013271": {
    "x": 1090,
    "y": 830
  },
  "44d8a924-f070-5a8b-95bd-17f02eaa3b4a": {
    "x": 730,
    "y": 1360
  },
  "58678000-f45f-57fc-ba52-e084f95e1a1d": {
    "x": 360,
    "y": 910
  },
  "5f7ebd0b-de56-5220-83dc-5de2d23a5c7f": {
    "x": 470,
    "y": 800
  },
  "8b13eacd-e7f8-5257-9c88-c3ec7fbcd736": {
    "x": 420,
    "y": 1230
  },
  "f9d66b66-a8f4-54fc-8277-a94b1076b698": {
    "x": 707.4401439354046,
    "y": 937.0814902580305
  },
  "e4fd588e-639a-4f53-b21b-9c73c9532da5": {
    "x": 477.5,
    "y": 354.58333333333337
  },
  "9a6c800e-b956-42c4-b17a-c8201e515944": {
    "x": 668.5,
    "y": 354.58333333333337
  },
  "ee8df12c-4150-4652-83fe-a56d3b25981e": {
    "x": 859.5,
    "y": 354.58333333333337
  },
  "e5fb1f5d-310a-5352-8018-4ee719bd7797": {
    "x": 40,
    "y": 890
  },
  "c93c65d6-94c1-4cec-8bac-d38114231286": {
    "x": 1241.5,
    "y": 354.58333333333337
  },
  "b0ae4a5f-a59a-415a-bdbc-47af96c5dc8c": {
    "x": 1432.5,
    "y": 354.58333333333337
  },
  "d258ba9b-cec3-4679-be10-d480b051af76": {
    "x": 1623.5,
    "y": 354.58333333333337
  },
  "c4ed4524-5194-520f-90b9-f6c2e69da504": {
    "x": 132.55459013515886,
    "y": 1130.7912497805862
  },
  "84b3dc79-992a-4975-b6e8-0fb01d0fff2f": {
    "x": 286.5,
    "y": 496.4166666666667
  },
  "6cd979d4-c892-4d86-b7a9-dc8f4501d3ef": {
    "x": 477.5,
    "y": 496.4166666666667
  },
  "66c51b1a-9542-54ed-a96d-47acb7d4b9d3": {
    "x": 820,
    "y": 1060
  },
  "040d781c-9f85-50b9-9fed-beb44bb604e0": {
    "x": 1100,
    "y": 650
  },
  "158c73db-3bb2-5649-b6ed-750c12c27476": {
    "x": 1170,
    "y": 1480
  },
  "c4d4f50e-e68b-5b70-8ffc-0bfd021ddf4e": {
    "x": 720,
    "y": 1480
  },
  "3e7355e6-7384-55b2-a0e3-3b35d941ff7e": {
    "x": 870,
    "y": 640
  },
  "841a221d-7b04-5073-ae78-5d7c671ffbf7": {
    "x": 670,
    "y": 770
  },
  "bb1fe614-cdc6-58bd-8578-56b4a100b289": {
    "x": 440,
    "y": 620
  },
  "aebe99ed-7992-5d65-81c3-d7960b524096": {
    "x": 240,
    "y": 510
  },
  "d68e6849-524b-557d-9c3e-b4e2cf8b899e": {
    "x": 650,
    "y": 510
  },
  "5c55c4db-6afe-5941-bb8c-a28c72dc5e0e": {
    "x": 30,
    "y": 510
  },
  "0864b1b3-96f5-5936-b185-629c9f00d871": {
    "x": 970,
    "y": 1370
  },
  "21a28a65-2add-418c-a4c1-1f24c04dd32a": {
    "x": 1050.5,
    "y": 638.25
  },
  "49d980ef-ac8d-4d3d-b3b2-2704bea9ea74": {
    "x": 1241.5,
    "y": 638.25
  },
  "40f96cfc-1dca-530f-80ce-4f94aa13cfb0": {
    "x": 860,
    "y": 1240
  },
  "ed75c6f8-bc2a-51ea-a169-4b9a2088c883": {
    "x": 500,
    "y": 1360
  },
  "dce7d66f-8855-5b71-84ac-7cacbb9f1a65": {
    "x": 270,
    "y": 1490
  },
  "949508d4-3a7c-596f-a402-5fe4c243ff1b": {
    "x": 350,
    "y": 1020
  },
  "54379afc-d4fc-50ff-8121-385c26d66189": {
    "x": 1090,
    "y": 1220
  },
  "c9c3352f-f4d6-4cd0-af2a-b937cab62028": {
    "x": 668.5,
    "y": 780.0833333333334
  },
  "903bc4e6-ae5b-4aa5-86ac-3d3cc52e7066": {
    "x": 859.5,
    "y": 780.0833333333334
  },
  "f1c5549b-4e3d-4953-b2e2-4dda4700e793": {
    "x": 1050.5,
    "y": 780.0833333333334
  },
  "94ab36c0-7dd5-5ac1-bbbf-c144872df1eb": {
    "x": 1090,
    "y": 970
  },
  "59eaebdf-4b4f-5b4f-8a79-ca5fa9465985": {
    "x": 70,
    "y": 1370
  }
}