{
  "d08e87bd-dab2-5d3b-82da-3f169976f088": {
    "x": 620,
    "y": 1070
  },
  "daee8070-25ae-5bbf-89da-ad50500e7d76": {
    "x": 150,
    "y": 980
  },
  "364cc2cb-61cc-5686-a0ac-55642c19035f": {
    "x": 620,
    "y": 1470
  },
  "705d3941-27c3-56d5-bfbe-ab7f71740566": {
    "x": 170,
    "y": 1470
  },
  "86f65f28-6459-5277-91ba-882f5ef6d346": {
    "x": 624.4979253112033,
    "y": 1227.2489626556016
  },
  "2dca05f1-618d-53ab-aa10-ac83cd77e19b": {
    "x": 1078.2531120331948,
    "y": 1470
  },
  "453e1ceb-cec1-564b-a70c-600cb2a7c33f": {
    "x": 580,
    "y": 800
  },
  "010c5417-f32f-5b90-be9f-779c7e5f1907": {
    "x": 150,
    "y": 750
  },
  "f2287a7d-a9cb-5bb3-8495-9112f9e0adf1": {
    "x": 370,
    "y": 690
  },
  "0430c1a8-076e-5f12-8300-88a61da6d1a0": {
    "x": 650,
    "y": 680
  },
  "7704522c-981c-5169-91a4-10716eecc7dd": {
    "x": 400,
    "y": 1350
  },
  "4a0c2a2d-f8f1-5c60-a7c4-34d4d84810dc": {
    "x": 940,
    "y": 930
  },
  "ce7ec037-b360-58bc-ae55-09cebafc6082": {
    "x": 1080,
    "y": 1230
  },
  "231d2aad-979c-5d1b-a9aa-0b5eee576c94": {
    "x": 1050.5,
    "y": 170.25
  },
  "d717fd3d-3271-59b7-a4a1-88c5998dd9b7": {
    "x": 1289.6286307053942,
    "y": 1353.122406639004
  },
  "92589f13-a2c2-510f-9256-ce2f83013271": {
    "x": 1080,
    "y": 1110
  },
  "44d8a924-f070-5a8b-95bd-17f02eaa3b4a": {
    "x": 850,
    "y": 1350
  },
  "94ab36c0-7dd5-5ac1-bbbf-c144872df1eb": {
    "x": 1290,
    "y": 1110
  },
  "66c51b1a-9542-54ed-a96d-47acb7d4b9d3": {
    "x": 840,
    "y": 1070
  },
  "040d781c-9f85-50b9-9fed-beb44bb604e0": {
    "x": 1290,
    "y": 990
  },
  "0864b1b3-96f5-5936-b185-629c9f00d871": {
    "x": 1075.5020746887967,
    "y": 1351.7468879668052
  },
  "ddae3f51-0552-4340-8aad-1a7d2d1bc624": {
    "x": 1050.5,
    "y": 283.75
  },
  "309101e1-7ae1-40d8-aa34-817c4ca05fb6": {
    "x": 1241.5,
    "y": 283.75
  },
  "daca9d05-728f-550b-9e22-4c3d54427434": {
    "x": 623.1224066390041,
    "y": 1351.746887966805
  },
  "40f96cfc-1dca-530f-80ce-4f94aa13cfb0": {
    "x": 850,
    "y": 1230
  },
  "bb48225e-2f92-5087-b897-4843e5f52a2b": {
    "x": 660,
    "y": 570
  },
  "089b896d-6a81-5e7c-b363-1df340163630": {
    "x": 170,
    "y": 1230
  },
  "a21f8a5c-97e2-4d19-a024-65e1684d653d": {
    "x": 668.5,
    "y": 397.25
  },
  "aa1cba59-f382-4e4b-9ab5-bf9519106341": {
    "x": 859.5,
    "y": 397.25
  },
  "60d231f4-527e-4e55-9d23-a9083c676ac8": {
    "x": 1050.5,
    "y": 397.25
  },
  "15ada15d-8d3e-59e7-8ac7-d7cf744ed727": {
    "x": 1070,
    "y": 770
  },
  "cb708c6d-bcaa-4858-b138-e1c0c3f81197": {
    "x": 1432.5,
    "y": 397.25
  },
  "30d7454f-a04c-4b58-b6e1-be9d180328fb": {
    "x": 95.5,
    "y": 510.75
  },
  "86ef90c0-b885-41ee-850e-5c48deada6ea": {
    "x": 286.5,
    "y": 510.75
  },
  "3fc37ce5-cb24-4fa7-a96e-d7ae09db76a2": {
    "x": 477.5,
    "y": 510.75
  },
  "601e08cb-9915-5749-897c-c5ca3c08c259": {
    "x": 930,
    "y": 660
  },
  "d3991db6-edb6-5a39-a998-747a4310a47e": {
    "x": 1280,
    "y": 770
  },
  "9d9c12f1-193f-505b-aa4b-bb0b5396de0c": {
    "x": 1290,
    "y": 880
  },
  "ac266c23-bfdf-54b2-8644-d1f1cd582763": {
    "x": 1290,
    "y": 1230
  },
  "4af08696-5e42-4391-8c0a-682c958e0abb": {
    "x": 1432.5,
    "y": 510.75
  },
  "9d5a586b-148f-4c92-9c29-66ee217fe9aa": {
    "x": 95.5,
    "y": 624.25
  },
  "127f83f2-ab74-4d78-a735-bb0e219ba8c3": {
    "x": 286.5,
    "y": 624.25
  },
  "cedc5012-9ee0-5cf0-bd79-c329101733cf": {
    "x": 700,
    "y": 920
  },
  "63cf1fdb-97a6-449d-9547-5b0dea950915": {
    "x": 668.5,
    "y": 624.25
  },
  "b1f256fd-14fb-4c18-b5a5-6d6d8f9d0488": {
    "x": 859.5,
    "y": 624.25
  },
  "bc7c5fae-1b56-49a6-878c-9ae86e209d93": {
    "x": 1050.5,
    "y": 624.25
  },
  "2cd3cbb8-77d9-50dd-8a0d-6e28fd5f1082": {
    "x": 390,
    "y": 980
  },
  "6e7e9964-2258-5b6a-bc0b-dc8c7fb75608": {
    "x": 170,
    "y": 1350
  },
  "9d1ff74d-d78e-532d-bcbb-d9b43ace06d9": {
    "x": 400,
    "y": 1470
  },
  "1da19de3-45de-583f-b9ca-9bd1d3ff8423": {
    "x": 150,
    "y": 1100
  },
  "35735ed8-c0d0-4ebf-9af6-5320751bc9d9": {
    "x": 477.5,
    "y": 737.75
  },
  "b70a8f1a-61bf-4b99-85a8-b46cf2e22bfa": {
    "x": 668.5,
    "y": 737.75
  },
  "5a7b8aad-60b5-5981-90bd-86eaa07dbd29": {
    "x": 390,
    "y": 1100
  },
  "e7bd564d-6b20-5986-baeb-5bead48435e8": {
    "x": 400,
    "y": 1230
  },
  "996049e9-d315-55a2-ab98-05d7b6ed82e8": {
    "x": 850,
    "y": 1470
  },
  "c50e0b24-dca2-5946-a9f2-377e38e09eb2": {
    "x": 1289.6286307053942,
    "y": 1471.7468879668052
  },
  "8bff07d3-25ee-5b21-a08b-dab02abe03eb": {
    "x": 800,
    "y": 800
  },
  "e146ccce-7547-5024-8417-8e87db3e798b": {
    "x": 370,
    "y": 800
  },
  "79915597-67b8-54b3-a44e-0d73a5865b38": {
    "x": 150,
    "y": 860
  },
  "59c6fbea-43fb-47e4-9a6a-353373a80db5": {
    "x": 668.5,
    "y": 851.25
  },
  "2da58407-ad31-44b9-8ca8-5ce4f86f1da1": {
    "x": 859.5,
    "y": 851.25
  },
  "afd9b848-e772-4ae1-8f00-88f2dd1fde2c": {
    "x": 1050.5,
    "y": 851.25
  },
  "ff60c358-edc7-5d1a-b2eb-d41a5fb70dff": {
    "x": 230,
    "y": 570
  },
  "3887b9c7-2e6e-50eb-a696-2d90bd921ece": {
    "x": 440,
    "y": 570
  }
}