{
  "d44d69c6-03f4-5658-b799-13e84b34cef8": {
    "x": 1575.1923297902902,
    "y": -14.286268313702946
  },
  "4a6969ec-dcf2-567b-9f43-c97606341f88": {
    "x": 1348.502729100833,
    "y": 126.71373168629705
  },
  "94ca8239-6d47-5a00-92a0-c9129b8fa9b5": {
    "x": 1014.5,
    "y": 639.75
  },
  "0539b6f8-146a-5ffe-b253-e98e1d192b03": {
    "x": 783.5409365124965,
    "y": 371.2094225797185
  },
  "cb990a3f-552e-509a-b7b0-7220eaddb704": {
    "x": 552.5,
    "y": 710.25
  },
  "f387dab8-340f-578e-8f3e-02daaf4dca3c": {
    "x": 332.13616776788274,
    "y": 1012.25
  },
  "3450e657-f85f-5365-8ed3-118d64b84419": {
    "x": 1564.8358230393567,
    "y": 690.7137316862971
  },
  "d20b52a5-0f53-5aa3-a3b5-a6c966c40deb": {
    "x": 297.2608445848894,
    "y": 364.86641769606433
  },
  "b5a25b31-36cf-5366-8582-34672fd945db": {
    "x": 1543.563487503591,
    "y": 424.70856075840294
  },
  "aa092ec4-b5bd-5796-9108-7011ce94ed6e": {
    "x": 1075.237719046251,
    "y": 214.9370152255099
  },
  "c46083aa-48ac-5572-ac24-4028f8e22fc2": {
    "x": 735.4974145360527,
    "y": 60.132289571962126
  },
  "2ba33a29-2eb6-54da-bcfc-5d65af0884f8": {
    "x": 1252.301493823614,
    "y": 1012.4574116633152
  },
  "5be0d56c-16f6-57b6-b6f3-21fcf9721d59": {
    "x": 1353.4849181269747,
    "y": -5.108948577994781
  },
  "4f22e0a2-ed1b-5e56-a259-0bfeb7560b43": {
    "x": 1572.7012352772192,
    "y": 118.45338983050864
  },
  "7515e664-7626-5400-917d-e0ad0ca90a0c": {
    "x": 2862.5,
    "y": 659.75
  },
  "b3c1965d-b739-5c77-9e13-399a39408598": {
    "x": 552.5,
    "y": 851.25
  },
  "309395ec-efcf-5dac-ab91-32fcaf546489": {
    "x": 559.9732835392128,
    "y": 1001.1863688595231
  },
  "fe208038-04c0-518d-9933-6488570a049e": {
    "x": 1010.189600689457,
    "y": 364.6100976730825
  },
  "a0970ee3-17b4-55f5-8e44-496f07369f57": {
    "x": 1297.6169204251655,
    "y": 650.891841424878
  },
  "b128613a-8ed1-5ae3-b46d-08701d27b1e3": {
    "x": 783.5,
    "y": 710.25
  },
  "d77e86a0-4099-53c7-b9fe-784166078a91": {
    "x": 1195.6781097385808,
    "y": 815.2907928756105
  },
  "369e56b8-67e6-59b9-a457-fbc518cd54ba": {
    "x": 1219.0494110887676,
    "y": 400.77671646078716
  },
  "9a2c1293-d824-531b-9016-6295f055f8fc": {
    "x": 1288.8000574547543,
    "y": 527.2582591209424
  },
  "58c76267-bcc7-53b9-9047-0f0c3720e828": {
    "x": 538.2252226371733,
    "y": 364.86641769606433
  },
  "f033c952-c874-588d-9de0-7b9381fcfd26": {
    "x": 616.2045389255958,
    "y": 213.4383079574835
  },
  "84798f66-65b5-5525-a883-b7f8fcef98ff": {
    "x": 834.1871588623952,
    "y": 215.5658575122091
  },
  "afcb7025-ccd6-578a-8468-de7a0c5ac9e9": {
    "x": 908.0547256535478,
    "y": 980.8651249640908
  },
  "6fc5c448-a787-561b-942a-0921cbccf056": {
    "x": 1245.5,
    "y": 1173.5
  },
  "4aafed9e-2151-5374-a6d7-15e506ebacbd": {
    "x": 321.5,
    "y": 851.25
  },
  "f29ade86-90ee-53d7-8c64-6e38800b37b6": {
    "x": 332.21976443550676,
    "y": 1159.3384085033038
  },
  "8aa16393-6759-5dbe-b6b4-908c834f8fcb": {
    "x": 1658.825624820454,
    "y": 1008.6170640620513
  },
  "bf3828fb-2c40-5199-8f50-ab2f92a9989b": {
    "x": 1413.550847457627,
    "y": 865.0903476012638
  },
  "e5f504b3-14f5-5d43-a45a-b6a3f4d747cf": {
    "x": 1551.708560758403,
    "y": 561.7187589773054
  },
  "92ce9e30-6620-5d8d-9ecc-2445a05ea81d": {
    "x": 1366.0239873599544,
    "y": 270.8249784544672
  },
  "ea18b0e3-ecde-5f96-a857-df2c53527b2e": {
    "x": 1582.7492099971275,
    "y": 268.5189600689457
  },
  "28400c89-770d-5ea5-9cd8-09c943a9529c": {
    "x": 1077.0570238437228,
    "y": 75.43572249353633
  },
  "aa33fda2-3864-5e7d-aa96-6f68a7aed29b": {
    "x": 783.5,
    "y": 851.25
  },
  "e8b7d64e-f107-5a13-b6c6-8c8c8e1d7cb0": {
    "x": 783.5,
    "y": 569.25
  }
}