{
  "d44d69c6-03f4-5658-b799-13e84b34cef8": {
    "x": -526.7818181818183,
    "y": -417.3636363636364
  },
  "4a6969ec-dcf2-567b-9f43-c97606341f88": {
    "x": -633.2181818181818,
    "y": -293.10909090909087
  },
  "94ca8239-6d47-5a00-92a0-c9129b8fa9b5": {
    "x": 60,
    "y": 50
  },
  "0539b6f8-146a-5ffe-b253-e98e1d192b03": {
    "x": -170,
    "y": -220
  },
  "cb990a3f-552e-509a-b7b0-7220eaddb704": {
    "x": -400,
    "y": 120
  },
  "f387dab8-340f-578e-8f3e-02daaf4dca3c": {
    "x": -630,
    "y": 120
  },
  "3450e657-f85f-5365-8ed3-118d64b84419": {
    "x": 545.2909090909089,
    "y": 96.78181818181818
  },
  "d20b52a5-0f53-5aa3-a3b5-a6c966c40deb": {
    "x": 52.254545454545436,
    "y": -422.7454545454547
  },
  "b5a25b31-36cf-5366-8582-34672fd945db": {
    "x": 551.7272727272727,
    "y": -181.26363636363638
  },
  "aa092ec4-b5bd-5796-9108-7011ce94ed6e": {
    "x": 330,
    "y": -330
  },
  "c46083aa-48ac-5572-ac24-4028f8e22fc2": {
    "x": -400.0999999999999,
    "y": -11.527272727272674
  },
  "2ba33a29-2eb6-54da-bcfc-5d65af0884f8": {
    "x": 300,
    "y": 390
  },
  "5be0d56c-16f6-57b6-b6f3-21fcf9721d59": {
    "x": -169.89999999999995,
    "y": 393.22727272727275
  },
  "4f22e0a2-ed1b-5e56-a259-0bfeb7560b43": {
    "x": -403.21818181818185,
    "y": -293.10909090909087
  },
  "7515e664-7626-5400-917d-e0ad0ca90a0c": {
    "x": 95.5,
    "y": 268.75
  },
  "b3c1965d-b739-5c77-9e13-399a39408598": {
    "x": -630,
    "y": 390
  },
  "309395ec-efcf-5dac-ab91-32fcaf546489": {
    "x": 60,
    "y": 530
  },
  "44d8a924-f070-5a8b-95bd-17f02eaa3b4a": {
    "x": -401.609090909091,
    "y": 264.48181818181786
  },
  "fe208038-04c0-518d-9933-6488570a049e": {
    "x": 61.60909090909091,
    "y": -115.06363636363626
  },
  "a0970ee3-17b4-55f5-8e44-496f07369f57": {
    "x": 330,
    "y": 80
  },
  "b128613a-8ed1-5ae3-b46d-08701d27b1e3": {
    "x": -166.78181818181818,
    "y": 70.11818181818182
  },
  "d77e86a0-4099-53c7-b9fe-784166078a91": {
    "x": 190,
    "y": 230
  },
  "9f0b0234-c04b-5b15-aee8-feeba49acc62": {
    "x": 330,
    "y": -60
  },
  "205eecc1-0b2a-4cc3-842c-4eecdf417817": {
    "x": 477.5,
    "y": 376.25
  },
  "d4634cc0-3963-467e-a54a-4972b9894278": {
    "x": 668.5,
    "y": 376.25
  },
  "7f4a4944-b5fc-517c-9bbd-1b4da58b2521": {
    "x": 56.981818181818184,
    "y": -281.14545454545464
  },
  "9c2c061e-b557-4713-a938-617ef87717b6": {
    "x": 1050.5,
    "y": 376.25
  },
  "ea732be9-af60-4e2f-b766-11be8ba52732": {
    "x": 1241.5,
    "y": 376.25
  },
  "84c8477d-2cd2-432d-a4ff-14d6a69d238b": {
    "x": 95.5,
    "y": 483.75
  },
  "f033c952-c874-588d-9de0-7b9381fcfd26": {
    "x": -169.9,
    "y": -350.3272727272728
  },
  "84798f66-65b5-5525-a883-b7f8fcef98ff": {
    "x": -398.49090909090904,
    "y": -148.29090909090905
  },
  "afcb7025-ccd6-578a-8468-de7a0c5ac9e9": {
    "x": 60,
    "y": 390
  },
  "6fc5c448-a787-561b-942a-0921cbccf056": {
    "x": 300,
    "y": 530
  },
  "4aafed9e-2151-5374-a6d7-15e506ebacbd": {
    "x": -630,
    "y": 260
  },
  "f29ade86-90ee-53d7-8c64-6e38800b37b6": {
    "x": -630,
    "y": -10
  },
  "8aa16393-6759-5dbe-b6b4-908c834f8fcb": {
    "x": 400,
    "y": 230
  },
  "bf3828fb-2c40-5199-8f50-ab2f92a9989b": {
    "x": 534.0272727272727,
    "y": 369.6545454545455
  },
  "e5f504b3-14f5-5d43-a45a-b6a3f4d747cf": {
    "x": 550.1181818181818,
    "y": -31.60909090909091
  },
  "92ce9e30-6620-5d8d-9ecc-2445a05ea81d": {
    "x": 551.7272727272726,
    "y": -326.43636363636364
  },
  "ea18b0e3-ecde-5f96-a857-df2c53527b2e": {
    "x": 330,
    "y": -190
  },
  "28400c89-770d-5ea5-9cd8-09c943a9529c": {
    "x": 330,
    "y": -460
  },
  "e233a949-ede0-5d39-b3da-9dbc27da9b84": {
    "x": -400,
    "y": 390
  },
  "b225c542-b050-464d-aeb7-52daf01f15eb": {
    "x": 95.5,
    "y": 698.75
  },
  "ffb8e9cd-76ef-477f-8f5f-1158abe9f0f1": {
    "x": 286.5,
    "y": 698.75
  },
  "40f96cfc-1dca-530f-80ce-4f94aa13cfb0": {
    "x": -171.6090909090909,
    "y": 216.0999999999999
  },
  "e8b7d64e-f107-5a13-b6c6-8c8c8e1d7cb0": {
    "x": -170,
    "y": -80
  },
  "3d1785ee-8518-5007-9cd5-bb23466f5199": {
    "x": -398.2909090909087,
    "y": 528.3909090909091
  },
  "847b85f9-a396-4a23-a0e7-b13207c8826e": {
    "x": 1050.5,
    "y": 698.75
  },
  "54f66f2b-13af-4a36-a658-fea9d1b6794a": {
    "x": 1241.5,
    "y": 698.75
  },
  "dec9a236-2168-4ece-9cca-48d933958a13": {
    "x": 95.5,
    "y": 806.25
  },
  "074e6b5c-846a-5a58-b369-ccc1bdc3098a": {
    "x": -170,
    "y": 530
  },
  "291eec77-e67a-5495-ae06-b68a8cc262f0": {
    "x": -634.7818181818182,
    "y": -137.03636363636366
  }
}