{
  "d08e87bd-dab2-5d3b-82da-3f169976f088": {
    "x": 660,
    "y": 1140
  },
  "daee8070-25ae-5bbf-89da-ad50500e7d76": {
    "x": 40,
    "y": 1026.0499999999997
  },
  "86f65f28-6459-5277-91ba-882f5ef6d346": {
    "x": 725.7409090909091,
    "y": 1282.4272727272726
  },
  "2dca05f1-618d-53ab-aa10-ac83cd77e19b": {
    "x": -300,
    "y": 1050
  },
  "453e1ceb-cec1-564b-a70c-600cb2a7c33f": {
    "x": 1200,
    "y": 770
  },
  "010c5417-f32f-5b90-be9f-779c7e5f1907": {
    "x": -130,
    "y": 740
  },
  "f2287a7d-a9cb-5bb3-8495-9112f9e0adf1": {
    "x": 1250,
    "y": 460
  },
  "0430c1a8-076e-5f12-8300-88a61da6d1a0": {
    "x": 110,
    "y": 480
  },
  "7704522c-981c-5169-91a4-10716eecc7dd": {
    "x": 173.79545454545456,
    "y": 1312.022727272727
  },
  "4a0c2a2d-f8f1-5c60-a7c4-34d4d84810dc": {
    "x": 870.8863636363636,
    "y": 900
  },
  "f9a16719-5b9f-5a57-8adf-6e6ab52d50cc": {
    "x": 1270,
    "y": 1220
  },
  "601a1105-e974-5aff-91db-57f2bf0832b8": {
    "x": 859.5,
    "y": 183.21428571428572
  },
  "d717fd3d-3271-59b7-a4a1-88c5998dd9b7": {
    "x": 125.56818181818181,
    "y": 1476.0318181818182
  },
  "92589f13-a2c2-510f-9256-ce2f83013271": {
    "x": 1064.2181818181818,
    "y": 1146.840909090909
  },
  "44d8a924-f070-5a8b-95bd-17f02eaa3b4a": {
    "x": 760,
    "y": 1431.5227272727273
  },
  "58678000-f45f-57fc-ba52-e084f95e1a1d": {
    "x": 360.8863636363636,
    "y": 937.3409090909091
  },
  "5f7ebd0b-de56-5220-83dc-5de2d23a5c7f": {
    "x": 514.0454545454545,
    "y": 636.7045454545454
  },
  "8b13eacd-e7f8-5257-9c88-c3ec7fbcd736": {
    "x": 422.50454545454545,
    "y": 1232.7545454545455
  },
  "a9533a48-a588-5301-9091-fd5f781e1380": {
    "x": 731.6181818181818,
    "y": 998.2272727272729
  },
  "3be7f690-848f-4cb5-8e78-4e4e05c60b36": {
    "x": 1050.5,
    "y": 305.35714285714283
  },
  "48a966b5-acee-4ef0-aa82-b696679c5450": {
    "x": 1241.5,
    "y": 305.35714285714283
  },
  "e5fb1f5d-310a-5352-8018-4ee719bd7797": {
    "x": -50,
    "y": 880
  },
  "22b8d975-a41d-482b-9e72-d85bc051cb38": {
    "x": 286.5,
    "y": 427.5
  },
  "bd0b9fb2-28ae-4560-9c94-32aa2fe33ca5": {
    "x": 477.5,
    "y": 427.5
  },
  "f1516e7e-bdb1-43fe-87c9-0a29b007fb38": {
    "x": 668.5,
    "y": 427.5
  },
  "a7a1bb61-3d4f-506c-ad2d-922428a9ad95": {
    "x": 158.91818181818178,
    "y": 797.9590909090908
  },
  "da26624d-31fa-5f5b-90a8-3717d7bba48c": {
    "x": -62.33181818181817,
    "y": 1205.9136363636364
  },
  "66c51b1a-9542-54ed-a96d-47acb7d4b9d3": {
    "x": 1026.0318181818184,
    "y": 1020.2545454545455
  },
  "040d781c-9f85-50b9-9fed-beb44bb604e0": {
    "x": 862.1954545454545,
    "y": 1124.027272727273
  },
  "158c73db-3bb2-5649-b6ed-750c12c27476": {
    "x": -197.09090909090926,
    "y": 1348.8636363636363
  },
  "c4d4f50e-e68b-5b70-8ffc-0bfd021ddf4e": {
    "x": -300,
    "y": 910
  },
  "3e7355e6-7384-55b2-a0e3-3b35d941ff7e": {
    "x": 865.8954545454545,
    "y": 772.3318181818181
  },
  "841a221d-7b04-5073-ae78-5d7c671ffbf7": {
    "x": 1140,
    "y": 910
  },
  "bb1fe614-cdc6-58bd-8578-56b4a100b289": {
    "x": 1200,
    "y": 610
  },
  "aebe99ed-7992-5d65-81c3-d7960b524096": {
    "x": 1160,
    "y": 310
  },
  "d68e6849-524b-557d-9c3e-b4e2cf8b899e": {
    "x": 1420,
    "y": 300
  },
  "5c55c4db-6afe-5941-bb8c-a28c72dc5e0e": {
    "x": 110,
    "y": 340
  },
  "0864b1b3-96f5-5936-b185-629c9f00d871": {
    "x": 462.17727272727274,
    "y": 1371.5227272727273
  },
  "0961418b-da2e-4bc2-900b-c173505dce10": {
    "x": 668.5,
    "y": 671.7857142857142
  },
  "7dfc59fa-0a5c-4f28-92b9-5e0dd1b8d8aa": {
    "x": 859.5,
    "y": 671.7857142857142
  },
  "40f96cfc-1dca-530f-80ce-4f94aa13cfb0": {
    "x": 1000,
    "y": 1250
  },
  "949508d4-3a7c-596f-a402-5fe4c243ff1b": {
    "x": 359.9227272727273,
    "y": 1083.4681818181818
  },
  "96fb5b8f-7ec8-5bbe-8292-83a0295cce34": {
    "x": 1260,
    "y": 1380
  },
  "1bf56b2f-8ce6-4d64-82a5-c2349a03d677": {
    "x": 286.5,
    "y": 793.9285714285714
  },
  "5fc16ab5-ef1b-4523-9310-3eef03a4eea6": {
    "x": 477.5,
    "y": 793.9285714285714
  },
  "b80c1c22-b7cf-4d17-b35d-64c26f0e21a0": {
    "x": 668.5,
    "y": 793.9285714285714
  },
  "94ab36c0-7dd5-5ac1-bbbf-c144872df1eb": {
    "x": 1285.8954545454544,
    "y": 1033.390909090909
  },
  "59eaebdf-4b4f-5b4f-8a79-ca5fa9465985": {
    "x": 164.18181818181816,
    "y": 1190.0954545454545
  }
}