{
  "d44d69c6-03f4-5658-b799-13e84b34cef8": {
    "x": -530,
    "y": -530
  },
  "4a6969ec-dcf2-567b-9f43-c97606341f88": {
    "x": -630,
    "y": -380
  },
  "94ca8239-6d47-5a00-92a0-c9129b8fa9b5": {
    "x": 60,
    "y": 50
  },
  "0539b6f8-146a-5ffe-b253-e98e1d192b03": {
    "x": -170,
    "y": -220
  },
  "cb990a3f-552e-509a-b7b0-7220eaddb704": {
    "x": -400,
    "y": 120
  },
  "f387dab8-340f-578e-8f3e-02daaf4dca3c": {
    "x": -630,
    "y": 120
  },
  "3450e657-f85f-5365-8ed3-118d64b84419": {
    "x": 600,
    "y": 100
  },
  "d20b52a5-0f53-5aa3-a3b5-a6c966c40deb": {
    "x": -630,
    "y": -220
  },
  "b5a25b31-36cf-5366-8582-34672fd945db": {
    "x": 600,
    "y": -170
  },
  "aa092ec4-b5bd-5796-9108-7011ce94ed6e": {
    "x": 326.1872470339344,
    "y": -328.01876360639346
  },
  "c46083aa-48ac-5572-ac24-4028f8e22fc2": {
    "x": -170,
    "y": -520
  },
  "2ba33a29-2eb6-54da-bcfc-5d65af0884f8": {
    "x": 300,
    "y": 390
  },
  "5be0d56c-16f6-57b6-b6f3-21fcf9721d59": {
    "x": -400,
    "y": 530
  },
  "4f22e0a2-ed1b-5e56-a259-0bfeb7560b43": {
    "x": -400,
    "y": -380
  },
  "7515e664-7626-5400-917d-e0ad0ca90a0c": {
    "x": 1241.5,
    "y": 188.78571428571428
  },
  "b3c1965d-b739-5c77-9e13-399a39408598": {
    "x": -630,
    "y": 390
  },
  "309395ec-efcf-5dac-ab91-32fcaf546489": {
    "x": 60,
    "y": 530
  },
  "44d8a924-f070-5a8b-95bd-17f02eaa3b4a": {
    "x": -400,
    "y": 250
  },
  "fe208038-04c0-518d-9933-6488570a049e": {
    "x": 60,
    "y": -210
  },
  "a0970ee3-17b4-55f5-8e44-496f07369f57": {
    "x": 330,
    "y": 80
  },
  "b128613a-8ed1-5ae3-b46d-08701d27b1e3": {
    "x": -170,
    "y": 120
  },
  "d77e86a0-4099-53c7-b9fe-784166078a91": {
    "x": 190,
    "y": 230
  },
  "9f0b0234-c04b-5b15-aee8-feeba49acc62": {
    "x": 326.9507941619672,
    "y": -60.94620051786873
  },
  "94521619-7e31-4d5e-a091-1ea81a7b593a": {
    "x": 1432.5,
    "y": 314.64285714285717
  },
  "221324ce-937b-43c5-ada0-d1cb9b1d4363": {
    "x": 95.5,
    "y": 440.5
  },
  "7f4a4944-b5fc-517c-9bbd-1b4da58b2521": {
    "x": -400,
    "y": -220
  },
  "3d6a9bf6-bd7b-42d1-b01a-32d51c30e687": {
    "x": 477.5,
    "y": 440.5
  },
  "789520f6-c8a9-4841-aba0-af67e6fc8806": {
    "x": 668.5,
    "y": 440.5
  },
  "8f3f328e-7425-4540-89f8-acce693f0deb": {
    "x": 859.5,
    "y": 440.5
  },
  "f033c952-c874-588d-9de0-7b9381fcfd26": {
    "x": -400,
    "y": -80
  },
  "84798f66-65b5-5525-a883-b7f8fcef98ff": {
    "x": -170,
    "y": -380
  },
  "afcb7025-ccd6-578a-8468-de7a0c5ac9e9": {
    "x": 60,
    "y": 390
  },
  "6fc5c448-a787-561b-942a-0921cbccf056": {
    "x": 300,
    "y": 530
  },
  "4aafed9e-2151-5374-a6d7-15e506ebacbd": {
    "x": -630,
    "y": 260
  },
  "f29ade86-90ee-53d7-8c64-6e38800b37b6": {
    "x": -630,
    "y": -10
  },
  "8aa16393-6759-5dbe-b6b4-908c834f8fcb": {
    "x": 400,
    "y": 230
  },
  "bf3828fb-2c40-5199-8f50-ab2f92a9989b": {
    "x": 600,
    "y": 360
  },
  "e5f504b3-14f5-5d43-a45a-b6a3f4d747cf": {
    "x": 600,
    "y": -30
  },
  "92ce9e30-6620-5d8d-9ecc-2445a05ea81d": {
    "x": 600,
    "y": -320
  },
  "ea18b0e3-ecde-5f96-a857-df2c53527b2e": {
    "x": 326.4637184557377,
    "y": -192.56213013180326
  },
  "28400c89-770d-5ea5-9cd8-09c943a9529c": {
    "x": 327.86406111114763,
    "y": -461.4332762240983
  },
  "e233a949-ede0-5d39-b3da-9dbc27da9b84": {
    "x": -400,
    "y": 390
  },
  "a5c99f6e-5b69-498f-ab2f-41346eccc2bb": {
    "x": 477.5,
    "y": 692.2142857142858
  },
  "2f6cef46-02f4-44e2-b3d2-10dba96dd0c5": {
    "x": 668.5,
    "y": 692.2142857142858
  },
  "40f96cfc-1dca-530f-80ce-4f94aa13cfb0": {
    "x": -170,
    "y": 340
  },
  "e8b7d64e-f107-5a13-b6c6-8c8c8e1d7cb0": {
    "x": -170,
    "y": -80
  },
  "3d1785ee-8518-5007-9cd5-bb23466f5199": {
    "x": -630,
    "y": 530
  },
  "eb6d6a4d-f7f5-42ce-a3fb-90457719eded": {
    "x": 1432.5,
    "y": 692.2142857142858
  },
  "b300b449-2951-4e1a-81f0-ecde275a992f": {
    "x": 95.5,
    "y": 818.0714285714286
  },
  "c03ee8aa-3225-4251-9a97-e3cbfdb4888b": {
    "x": 286.5,
    "y": 818.0714285714286
  },
  "074e6b5c-846a-5a58-b369-ccc1bdc3098a": {
    "x": -170,
    "y": 530
  },
  "291eec77-e67a-5495-ae06-b68a8cc262f0": {
    "x": 66.5237462804917,
    "y": -516.6725768902113
  }
}