{
  "d44d69c6-03f4-5658-b799-13e84b34cef8": {
    "x": 1580,
    "y": -10
  },
  "4a6969ec-dcf2-567b-9f43-c97606341f88": {
    "x": 1350,
    "y": 130
  },
  "94ca8239-6d47-5a00-92a0-c9129b8fa9b5": {
    "x": 1010,
    "y": 640
  },
  "0539b6f8-146a-5ffe-b253-e98e1d192b03": {
    "x": 780,
    "y": 370
  },
  "cb990a3f-552e-509a-b7b0-7220eaddb704": {
    "x": 550,
    "y": 710
  },
  "f387dab8-340f-578e-8f3e-02daaf4dca3c": {
    "x": 320.8857142857143,
    "y": 981.1380952380953
  },
  "3450e657-f85f-5365-8ed3-118d64b84419": {
    "x": 1550,
    "y": 690
  },
  "d20b52a5-0f53-5aa3-a3b5-a6c966c40deb": {
    "x": 325.82380952380953,
    "y": 373.9238095238095
  },
  "b5a25b31-36cf-5366-8582-34672fd945db": {
    "x": 1550,
    "y": 420
  },
  "aa092ec4-b5bd-5796-9108-7011ce94ed6e": {
    "x": 1080,
    "y": 210
  },
  "c46083aa-48ac-5572-ac24-4028f8e22fc2": {
    "x": 740,
    "y": 60
  },
  "2ba33a29-2eb6-54da-bcfc-5d65af0884f8": {
    "x": 1253.0380952380951,
    "y": 985.6952380952381
  },
  "5be0d56c-16f6-57b6-b6f3-21fcf9721d59": {
    "x": 546.4238095238094,
    "y": 1121.690476190476
  },
  "4f22e0a2-ed1b-5e56-a259-0bfeb7560b43": {
    "x": 1580,
    "y": 130
  },
  "7515e664-7626-5400-917d-e0ad0ca90a0c": {
    "x": 1241.5,
    "y": 258
  },
  "b3c1965d-b739-5c77-9e13-399a39408598": {
    "x": 550,
    "y": 850
  },
  "309395ec-efcf-5dac-ab91-32fcaf546489": {
    "x": 1008.7523809523811,
    "y": 1116.333333333333
  },
  "fe208038-04c0-518d-9933-6488570a049e": {
    "x": 1010,
    "y": 470
  },
  "a0970ee3-17b4-55f5-8e44-496f07369f57": {
    "x": 1290,
    "y": 660
  },
  "b128613a-8ed1-5ae3-b46d-08701d27b1e3": {
    "x": 780,
    "y": 710
  },
  "d77e86a0-4099-53c7-b9fe-784166078a91": {
    "x": 1166.2047619047619,
    "y": 808.4809523809523
  },
  "369e56b8-67e6-59b9-a457-fbc518cd54ba": {
    "x": 1220,
    "y": 400
  },
  "9a2c1293-d824-531b-9016-6295f055f8fc": {
    "x": 1290,
    "y": 530
  },
  "58c76267-bcc7-53b9-9047-0f0c3720e828": {
    "x": 550.6333333333333,
    "y": 374.5571428571428
  },
  "f033c952-c874-588d-9de0-7b9381fcfd26": {
    "x": 620,
    "y": 220
  },
  "84798f66-65b5-5525-a883-b7f8fcef98ff": {
    "x": 830,
    "y": 220
  },
  "afcb7025-ccd6-578a-8468-de7a0c5ac9e9": {
    "x": 1010.257142857143,
    "y": 931.3904761904762
  },
  "6fc5c448-a787-561b-942a-0921cbccf056": {
    "x": 1253.0380952380954,
    "y": 1112.2761904761905
  },
  "4aafed9e-2151-5374-a6d7-15e506ebacbd": {
    "x": 320,
    "y": 850
  },
  "f29ade86-90ee-53d7-8c64-6e38800b37b6": {
    "x": 320.8857142857143,
    "y": 1122.0238095238096
  },
  "8aa16393-6759-5dbe-b6b4-908c834f8fcb": {
    "x": 1660,
    "y": 1010
  },
  "bf3828fb-2c40-5199-8f50-ab2f92a9989b": {
    "x": 1413.0380952380951,
    "y": 836.5809523809525
  },
  "e5f504b3-14f5-5d43-a45a-b6a3f4d747cf": {
    "x": 1550,
    "y": 560
  },
  "92ce9e30-6620-5d8d-9ecc-2445a05ea81d": {
    "x": 1370,
    "y": 270
  },
  "ea18b0e3-ecde-5f96-a857-df2c53527b2e": {
    "x": 1580,
    "y": 270
  },
  "28400c89-770d-5ea5-9cd8-09c943a9529c": {
    "x": 1080,
    "y": 80
  },
  "aa33fda2-3864-5e7d-aa96-6f68a7aed29b": {
    "x": 793.6714285714286,
    "y": 919.8761904761905
  },
  "e8b7d64e-f107-5a13-b6c6-8c8c8e1d7cb0": {
    "x": 780,
    "y": 570
  },
  "82f8964f-e021-5dd0-887c-c228947bfa91": {
    "x": 548.873395473248,
    "y": 980.2786255612361
  },
  "074e6b5c-846a-5a58-b369-ccc1bdc3098a": {
    "x": 781.6419310066833,
    "y": 1115.7077002949427
  }
}