{
  "d08e87bd-dab2-5d3b-82da-3f169976f088": {
    "x": 598.5296442687747,
    "y": 1061.881422924901
  },
  "daee8070-25ae-5bbf-89da-ad50500e7d76": {
    "x": 127.08300395256916,
    "y": 1009.509881422925
  },
  "86f65f28-6459-5277-91ba-882f5ef6d346": {
    "x": 642.9169960474309,
    "y": 1227.494071146245
  },
  "2dca05f1-618d-53ab-aa10-ac83cd77e19b": {
    "x": 640.6561264822134,
    "y": 1467.2490118577075
  },
  "453e1ceb-cec1-564b-a70c-600cb2a7c33f": {
    "x": 735.3122529644269,
    "y": 620.2450592885375
  },
  "010c5417-f32f-5b90-be9f-779c7e5f1907": {
    "x": 39.043478260869435,
    "y": 765.6126482213439
  },
  "f2287a7d-a9cb-5bb3-8495-9112f9e0adf1": {
    "x": 522.4822134387352,
    "y": 505.25691699604744
  },
  "0430c1a8-076e-5f12-8300-88a61da6d1a0": {
    "x": 116.40316205533597,
    "y": 631.1146245059289
  },
  "7704522c-981c-5169-91a4-10716eecc7dd": {
    "x": 170,
    "y": 1310
  },
  "4a0c2a2d-f8f1-5c60-a7c4-34d4d84810dc": {
    "x": 870,
    "y": 900
  },
  "f9a16719-5b9f-5a57-8adf-6e6ab52d50cc": {
    "x": 1077.905138339921,
    "y": 1317.328063241107
  },
  "601a1105-e974-5aff-91db-57f2bf0832b8": {
    "x": 668.5,
    "y": 258
  },
  "d717fd3d-3271-59b7-a4a1-88c5998dd9b7": {
    "x": 423.46245059288543,
    "y": 1350.0553359683795
  },
  "92589f13-a2c2-510f-9256-ce2f83013271": {
    "x": 1068.9644268774703,
    "y": 1046.2687747035573
  },
  "44d8a924-f070-5a8b-95bd-17f02eaa3b4a": {
    "x": 860.6561264822134,
    "y": 1356.9486166007905
  },
  "58678000-f45f-57fc-ba52-e084f95e1a1d": {
    "x": 360,
    "y": 940
  },
  "5f7ebd0b-de56-5220-83dc-5de2d23a5c7f": {
    "x": 495.36758893280637,
    "y": 804.6324110671937
  },
  "8b13eacd-e7f8-5257-9c88-c3ec7fbcd736": {
    "x": 420,
    "y": 1230
  },
  "a9533a48-a588-5301-9091-fd5f781e1380": {
    "x": 669.8102766798419,
    "y": 918.0395256916996
  },
  "17959f90-6c80-4648-9185-9b07be57e377": {
    "x": 668.5,
    "y": 430
  },
  "418b943c-e90f-4e41-bec7-02b9098d2849": {
    "x": 859.5,
    "y": 430
  },
  "e5fb1f5d-310a-5352-8018-4ee719bd7797": {
    "x": 39.64426877470355,
    "y": 885.1225296442688
  },
  "febb8122-1dc8-43bd-8f1e-8261fdb7025c": {
    "x": 1241.5,
    "y": 430
  },
  "8124cbc4-002e-4552-af16-293ca6899b4f": {
    "x": 1432.5,
    "y": 430
  },
  "0d78b110-57cd-43c7-ad3c-1ba9284b1301": {
    "x": 95.5,
    "y": 602
  },
  "a7a1bb61-3d4f-506c-ad2d-922428a9ad95": {
    "x": 257.32806324110675,
    "y": 808.9644268774704
  },
  "da26624d-31fa-5f5b-90a8-3717d7bba48c": {
    "x": 153.86561264822134,
    "y": 1157.494071146245
  },
  "66c51b1a-9542-54ed-a96d-47acb7d4b9d3": {
    "x": 821.2569169960474,
    "y": 1058.4189723320158
  },
  "040d781c-9f85-50b9-9fed-beb44bb604e0": {
    "x": 1091.794466403162,
    "y": 912.5375494071147
  },
  "158c73db-3bb2-5649-b6ed-750c12c27476": {
    "x": 415.7786561264822,
    "y": 1479.810276679842
  },
  "c4d4f50e-e68b-5b70-8ffc-0bfd021ddf4e": {
    "x": 855.2885375494071,
    "y": 1478.7747035573123
  },
  "3e7355e6-7384-55b2-a0e3-3b35d941ff7e": {
    "x": 960.4347826086956,
    "y": 762.395256916996
  },
  "841a221d-7b04-5073-ae78-5d7c671ffbf7": {
    "x": 740,
    "y": 760
  },
  "bb1fe614-cdc6-58bd-8578-56b4a100b289": {
    "x": 518.8853754940711,
    "y": 624.2213438735178
  },
  "aebe99ed-7992-5d65-81c3-d7960b524096": {
    "x": 316.32411067193675,
    "y": 509.098814229249
  },
  "d68e6849-524b-557d-9c3e-b4e2cf8b899e": {
    "x": 734.00790513834,
    "y": 505.0118577075098
  },
  "5c55c4db-6afe-5941-bb8c-a28c72dc5e0e": {
    "x": 110,
    "y": 507.7628458498024
  },
  "0864b1b3-96f5-5936-b185-629c9f00d871": {
    "x": 638.3399209486166,
    "y": 1345.9683794466405
  },
  "2c8aedfa-8fc0-43cd-8b85-9b1a1c1aa6e1": {
    "x": 1241.5,
    "y": 774
  },
  "65e083ca-c54e-4c16-b4bc-580600486dfd": {
    "x": 1432.5,
    "y": 774
  },
  "40f96cfc-1dca-530f-80ce-4f94aa13cfb0": {
    "x": 861.691699604743,
    "y": 1241.0355731225295
  },
  "949508d4-3a7c-596f-a402-5fe4c243ff1b": {
    "x": 360,
    "y": 1080
  },
  "96fb5b8f-7ec8-5bbe-8292-83a0295cce34": {
    "x": 1084.5533596837947,
    "y": 1468.3636363636363
  },
  "b1db66f0-f66a-490b-8eab-f3b904f53081": {
    "x": 668.5,
    "y": 946
  },
  "553b2df8-e900-418e-8a71-e26fc29af732": {
    "x": 859.5,
    "y": 946
  },
  "31917779-fab1-4f25-9e65-62e593ed98d7": {
    "x": 1050.5,
    "y": 946
  },
  "94ab36c0-7dd5-5ac1-bbbf-c144872df1eb": {
    "x": 1067.1699604743085,
    "y": 1174.711462450593
  },
  "59eaebdf-4b4f-5b4f-8a79-ca5fa9465985": {
    "x": 181.77075098814228,
    "y": 1443.5652173913043
  }
}