{
  "d08e87bd-dab2-5d3b-82da-3f169976f088": {
    "x": 620,
    "y": 1070
  },
  "daee8070-25ae-5bbf-89da-ad50500e7d76": {
    "x": 150,
    "y": 980
  },
  "705d3941-27c3-56d5-bfbe-ab7f71740566": {
    "x": 400,
    "y": 1470
  },
  "86f65f28-6459-5277-91ba-882f5ef6d346": {
    "x": 630,
    "y": 1230
  },
  "2dca05f1-618d-53ab-aa10-ac83cd77e19b": {
    "x": 1070,
    "y": 1470
  },
  "453e1ceb-cec1-564b-a70c-600cb2a7c33f": {
    "x": 560,
    "y": 800
  },
  "010c5417-f32f-5b90-be9f-779c7e5f1907": {
    "x": 150,
    "y": 750
  },
  "f2287a7d-a9cb-5bb3-8495-9112f9e0adf1": {
    "x": 360,
    "y": 700
  },
  "0430c1a8-076e-5f12-8300-88a61da6d1a0": {
    "x": 650,
    "y": 680
  },
  "7704522c-981c-5169-91a4-10716eecc7dd": {
    "x": 400,
    "y": 1350
  },
  "4a0c2a2d-f8f1-5c60-a7c4-34d4d84810dc": {
    "x": 920,
    "y": 910
  },
  "ce7ec037-b360-58bc-ae55-09cebafc6082": {
    "x": 1080,
    "y": 1230
  },
  "231d2aad-979c-5d1b-a9aa-0b5eee576c94": {
    "x": 668.5,
    "y": 186.21428571428572
  },
  "d717fd3d-3271-59b7-a4a1-88c5998dd9b7": {
    "x": 1280,
    "y": 1360
  },
  "92589f13-a2c2-510f-9256-ce2f83013271": {
    "x": 1080,
    "y": 1110
  },
  "44d8a924-f070-5a8b-95bd-17f02eaa3b4a": {
    "x": 860,
    "y": 1360
  },
  "dd15c47b-bb6a-5a05-be5f-985c0375b9e5": {
    "x": 630,
    "y": 1360
  },
  "94ab36c0-7dd5-5ac1-bbbf-c144872df1eb": {
    "x": 1290,
    "y": 1110
  },
  "66c51b1a-9542-54ed-a96d-47acb7d4b9d3": {
    "x": 840,
    "y": 1070
  },
  "040d781c-9f85-50b9-9fed-beb44bb604e0": {
    "x": 1170,
    "y": 990
  },
  "0864b1b3-96f5-5936-b185-629c9f00d871": {
    "x": 1070,
    "y": 1360
  },
  "fc0c8542-2ae7-4c89-ac0b-dac9ecabc897": {
    "x": 668.5,
    "y": 310.35714285714283
  },
  "0d869eec-c717-4e40-a4ba-ef15f1b0184f": {
    "x": 859.5,
    "y": 310.35714285714283
  },
  "ec6beac5-a279-5f7b-9bae-0af46341a924": {
    "x": 630.5166178002726,
    "y": 1477.1125366497954
  },
  "40f96cfc-1dca-530f-80ce-4f94aa13cfb0": {
    "x": 850,
    "y": 1230
  },
  "bb48225e-2f92-5087-b897-4843e5f52a2b": {
    "x": 660,
    "y": 570
  },
  "089b896d-6a81-5e7c-b363-1df340163630": {
    "x": 170,
    "y": 1240
  },
  "da075b56-7392-4a7b-9971-919a45a2ea71": {
    "x": 95.5,
    "y": 434.5
  },
  "0e9804d2-2a55-4af5-b87c-2702b4dcd76d": {
    "x": 286.5,
    "y": 434.5
  },
  "d843cd6f-0161-42bb-9e0d-050301ce3bd4": {
    "x": 477.5,
    "y": 434.5
  },
  "15ada15d-8d3e-59e7-8ac7-d7cf744ed727": {
    "x": 1070,
    "y": 650
  },
  "1cb66b88-83f5-4518-a868-1ea2d5ae2e86": {
    "x": 859.5,
    "y": 434.5
  },
  "0a6fc016-ee54-419c-ba6b-0876144adf58": {
    "x": 1050.5,
    "y": 434.5
  },
  "ba6ae71e-71e1-45ba-b3f8-2306e001634f": {
    "x": 1241.5,
    "y": 434.5
  },
  "bf6e11ee-9799-4da6-9bf7-b693335f3eaa": {
    "x": 1432.5,
    "y": 434.5
  },
  "601e08cb-9915-5749-897c-c5ca3c08c259": {
    "x": 850,
    "y": 680
  },
  "d3991db6-edb6-5a39-a998-747a4310a47e": {
    "x": 1170,
    "y": 760
  },
  "9d9c12f1-193f-505b-aa4b-bb0b5396de0c": {
    "x": 1170,
    "y": 880
  },
  "ac266c23-bfdf-54b2-8644-d1f1cd582763": {
    "x": 1290,
    "y": 1230
  },
  "abe09672-ce43-4cd0-8177-fda2036feb80": {
    "x": 668.5,
    "y": 558.6428571428571
  },
  "1006327e-299c-4b31-afc7-d8cd3b40efc9": {
    "x": 859.5,
    "y": 558.6428571428571
  },
  "136f2452-96a6-4e81-80d1-e4d7107cc034": {
    "x": 1050.5,
    "y": 558.6428571428571
  },
  "cedc5012-9ee0-5cf0-bd79-c329101733cf": {
    "x": 700,
    "y": 920
  },
  "00066f7d-4616-499b-ac58-118a1ebedc60": {
    "x": 1432.5,
    "y": 558.6428571428571
  },
  "2b1cf57e-202f-484a-8154-28ca931dfa49": {
    "x": 1623.5,
    "y": 558.6428571428571
  },
  "8c0a19ab-8552-4eca-a765-3ef0b82dbd76": {
    "x": 95.5,
    "y": 682.7857142857142
  },
  "2cd3cbb8-77d9-50dd-8a0d-6e28fd5f1082": {
    "x": 390,
    "y": 980
  },
  "6e7e9964-2258-5b6a-bc0b-dc8c7fb75608": {
    "x": 170,
    "y": 1410
  },
  "1da19de3-45de-583f-b9ca-9bd1d3ff8423": {
    "x": 150,
    "y": 1100
  },
  "3473a923-c049-4bea-b8ae-d57aad6286b9": {
    "x": 859.5,
    "y": 682.7857142857142
  },
  "985b9541-2b53-46ce-b252-bca0fcf3adf0": {
    "x": 1050.5,
    "y": 682.7857142857142
  },
  "5a7b8aad-60b5-5981-90bd-86eaa07dbd29": {
    "x": 390,
    "y": 1100
  },
  "e7bd564d-6b20-5986-baeb-5bead48435e8": {
    "x": 400,
    "y": 1230
  },
  "996049e9-d315-55a2-ab98-05d7b6ed82e8": {
    "x": 860,
    "y": 1470
  },
  "c50e0b24-dca2-5946-a9f2-377e38e09eb2": {
    "x": 1280,
    "y": 1480
  },
  "8bff07d3-25ee-5b21-a08b-dab02abe03eb": {
    "x": 760,
    "y": 790
  },
  "e146ccce-7547-5024-8417-8e87db3e798b": {
    "x": 350,
    "y": 820
  },
  "79915597-67b8-54b3-a44e-0d73a5865b38": {
    "x": 150,
    "y": 860
  },
  "3d5d6491-177e-4925-9ef8-82cc14767823": {
    "x": 859.5,
    "y": 806.9285714285714
  },
  "b2fb038e-988d-4eab-be40-0e4956f9344a": {
    "x": 1050.5,
    "y": 806.9285714285714
  },
  "8e152df2-58b0-47b1-a43a-76d7282367f1": {
    "x": 1241.5,
    "y": 806.9285714285714
  },
  "ff60c358-edc7-5d1a-b2eb-d41a5fb70dff": {
    "x": 230,
    "y": 590
  },
  "3887b9c7-2e6e-50eb-a696-2d90bd921ece": {
    "x": 430,
    "y": 590
  }
}