{
  "d08e87bd-dab2-5d3b-82da-3f169976f088": {
    "x": 620,
    "y": 1070
  },
  "daee8070-25ae-5bbf-89da-ad50500e7d76": {
    "x": 150,
    "y": 980
  },
  "705d3941-27c3-56d5-bfbe-ab7f71740566": {
    "x": 520,
    "y": 1480
  },
  "86f65f28-6459-5277-91ba-882f5ef6d346": {
    "x": 630,
    "y": 1230
  },
  "2dca05f1-618d-53ab-aa10-ac83cd77e19b": {
    "x": 950,
    "y": 1480
  },
  "453e1ceb-cec1-564b-a70c-600cb2a7c33f": {
    "x": 580,
    "y": 670
  },
  "010c5417-f32f-5b90-be9f-779c7e5f1907": {
    "x": 150,
    "y": 750
  },
  "f2287a7d-a9cb-5bb3-8495-9112f9e0adf1": {
    "x": 360,
    "y": 610
  },
  "0430c1a8-076e-5f12-8300-88a61da6d1a0": {
    "x": 824.0345054957055,
    "y": 560
  },
  "7704522c-981c-5169-91a4-10716eecc7dd": {
    "x": 300,
    "y": 1360
  },
  "4a0c2a2d-f8f1-5c60-a7c4-34d4d84810dc": {
    "x": 920,
    "y": 910
  },
  "ce7ec037-b360-58bc-ae55-09cebafc6082": {
    "x": 1080,
    "y": 1230
  },
  "231d2aad-979c-5d1b-a9aa-0b5eee576c94": {
    "x": 668.5,
    "y": 186.21428571428572
  },
  "d717fd3d-3271-59b7-a4a1-88c5998dd9b7": {
    "x": 1160,
    "y": 1360
  },
  "92589f13-a2c2-510f-9256-ce2f83013271": {
    "x": 1080,
    "y": 1110
  },
  "44d8a924-f070-5a8b-95bd-17f02eaa3b4a": {
    "x": 730,
    "y": 1360
  },
  "94ab36c0-7dd5-5ac1-bbbf-c144872df1eb": {
    "x": 1291.6639011046009,
    "y": 1109.5603846174845
  },
  "66c51b1a-9542-54ed-a96d-47acb7d4b9d3": {
    "x": 840,
    "y": 1070
  },
  "040d781c-9f85-50b9-9fed-beb44bb604e0": {
    "x": 1170,
    "y": 990
  },
  "0864b1b3-96f5-5936-b185-629c9f00d871": {
    "x": 950,
    "y": 1360
  },
  "c3037517-8155-44ab-b974-ff8aa016ca84": {
    "x": 477.5,
    "y": 310.35714285714283
  },
  "bb525d0a-f604-40f2-81c2-e7d50a10cd28": {
    "x": 668.5,
    "y": 310.35714285714283
  },
  "ed75c6f8-bc2a-51ea-a169-4b9a2088c883": {
    "x": 520,
    "y": 1360
  },
  "40f96cfc-1dca-530f-80ce-4f94aa13cfb0": {
    "x": 850,
    "y": 1230
  },
  "bb48225e-2f92-5087-b897-4843e5f52a2b": {
    "x": 1044.6386813582808,
    "y": 534.0631867681873
  },
  "089b896d-6a81-5e7c-b363-1df340163630": {
    "x": 199.13401123710793,
    "y": 1229.0432965184987
  },
  "118b228b-caad-427f-adc4-0b567e17153f": {
    "x": 1623.5,
    "y": 310.35714285714283
  },
  "12077939-f701-4946-80d6-56df1dd07821": {
    "x": 95.5,
    "y": 434.5
  },
  "df68eb25-1508-4889-9bd4-4e0da1343710": {
    "x": 286.5,
    "y": 434.5
  },
  "15ada15d-8d3e-59e7-8ac7-d7cf744ed727": {
    "x": 1051.6788460383475,
    "y": 647.7664285285292
  },
  "d576fd57-04aa-457c-bfa1-b8fa53698c0b": {
    "x": 668.5,
    "y": 434.5
  },
  "e7d0740a-ad74-4e6e-a033-eee2cbe663df": {
    "x": 859.5,
    "y": 434.5
  },
  "a06046aa-60d0-44e7-9035-18451d139eb8": {
    "x": 1050.5,
    "y": 434.5
  },
  "8d6e06c6-816e-47ec-8498-02d76c06a6ee": {
    "x": 1241.5,
    "y": 434.5
  },
  "601e08cb-9915-5749-897c-c5ca3c08c259": {
    "x": 832.9678023184009,
    "y": 679.0852746760754
  },
  "d3991db6-edb6-5a39-a998-747a4310a47e": {
    "x": 1168.6310440475431,
    "y": 764.0935713622723
  },
  "9d9c12f1-193f-505b-aa4b-bb0b5396de0c": {
    "x": 1172.2717580251608,
    "y": 882.2709340008347
  },
  "ac266c23-bfdf-54b2-8644-d1f1cd582763": {
    "x": 1294.668571225774,
    "y": 1225.2868679977698
  },
  "89cfb29f-5f28-454f-8842-cc8283aa6685": {
    "x": 477.5,
    "y": 558.6428571428571
  },
  "caff592d-ea92-40ce-965d-9b246e1e6c30": {
    "x": 668.5,
    "y": 558.6428571428571
  },
  "aacb9dfa-7f75-4619-910b-c96097981c66": {
    "x": 859.5,
    "y": 558.6428571428571
  },
  "cedc5012-9ee0-5cf0-bd79-c329101733cf": {
    "x": 703.0099451248442,
    "y": 915.0811537744545
  },
  "685cd7f3-89f6-4579-af29-4a535d83aedb": {
    "x": 1241.5,
    "y": 558.6428571428571
  },
  "99a293ea-943f-4c7c-962f-cd037f11bebf": {
    "x": 1432.5,
    "y": 558.6428571428571
  },
  "24ba9742-7c97-4254-af29-dc69f3d53a23": {
    "x": 1623.5,
    "y": 558.6428571428571
  },
  "2cd3cbb8-77d9-50dd-8a0d-6e28fd5f1082": {
    "x": 390.79197796257876,
    "y": 981.0604395004402
  },
  "6e7e9964-2258-5b6a-bc0b-dc8c7fb75608": {
    "x": 301.4137362607363,
    "y": 1482.16197786118
  },
  "1da19de3-45de-583f-b9ca-9bd1d3ff8423": {
    "x": 147.90642863772783,
    "y": 1100.3703295863306
  },
  "2c2b7401-af10-4cfe-9d89-5c976a9f29d4": {
    "x": 668.5,
    "y": 682.7857142857142
  },
  "e3623d33-50be-4160-b7cd-b1aa0535d04f": {
    "x": 859.5,
    "y": 682.7857142857142
  },
  "5a7b8aad-60b5-5981-90bd-86eaa07dbd29": {
    "x": 386.8387363972346,
    "y": 1095.89620870811
  },
  "e7bd564d-6b20-5986-baeb-5bead48435e8": {
    "x": 404.8393957726934,
    "y": 1227.1370878025891
  },
  "996049e9-d315-55a2-ab98-05d7b6ed82e8": {
    "x": 727.0802748671731,
    "y": 1480.6706042351063
  },
  "c50e0b24-dca2-5946-a9f2-377e38e09eb2": {
    "x": 1155.2086814128804,
    "y": 1479.1792306090324
  },
  "8bff07d3-25ee-5b21-a08b-dab02abe03eb": {
    "x": 741.2647800898811,
    "y": 786.0493406635405
  },
  "e146ccce-7547-5024-8417-8e87db3e798b": {
    "x": 358.0859340515342,
    "y": 747.2736263856262
  },
  "79915597-67b8-54b3-a44e-0d73a5865b38": {
    "x": 147.90642863772774,
    "y": 860.618021967222
  },
  "f6c8f4eb-8d10-4e96-b711-50c2f090d574": {
    "x": 668.5,
    "y": 806.9285714285714
  },
  "87add8d2-e912-4887-8b71-b5777f1c5f34": {
    "x": 859.5,
    "y": 806.9285714285714
  },
  "b28018b3-8b48-4937-a4fd-35b61dfc16e9": {
    "x": 1050.5,
    "y": 806.9285714285714
  },
  "ff60c358-edc7-5d1a-b2eb-d41a5fb70dff": {
    "x": 361.5895606165581,
    "y": 495.23148357918285
  },
  "3887b9c7-2e6e-50eb-a696-2d90bd921ece": {
    "x": 580.9256595119572,
    "y": 559.3605495003488
  }
}