{
  "d44d69c6-03f4-5658-b799-13e84b34cef8": {
    "x": 90.5,
    "y": 45.5
  },
  "4a6969ec-dcf2-567b-9f43-c97606341f88": {
    "x": 90.5,
    "y": 186.5
  },
  "94ca8239-6d47-5a00-92a0-c9129b8fa9b5": {
    "x": 1014.5,
    "y": 639.75
  },
  "0539b6f8-146a-5ffe-b253-e98e1d192b03": {
    "x": 432.29661016949154,
    "y": 112.13559322033899
  },
  "cb990a3f-552e-509a-b7b0-7220eaddb704": {
    "x": 552.5,
    "y": 710.25
  },
  "f387dab8-340f-578e-8f3e-02daaf4dca3c": {
    "x": 90.5,
    "y": 1012.25
  },
  "3450e657-f85f-5365-8ed3-118d64b84419": {
    "x": 1938.5,
    "y": 750.5
  },
  "d20b52a5-0f53-5aa3-a3b5-a6c966c40deb": {
    "x": 90.5,
    "y": 327.5
  },
  "b5a25b31-36cf-5366-8582-34672fd945db": {
    "x": 2400.5,
    "y": 1042.5
  },
  "aa092ec4-b5bd-5796-9108-7011ce94ed6e": {
    "x": 2400.5,
    "y": 267.25
  },
  "c46083aa-48ac-5572-ac24-4028f8e22fc2": {
    "x": 1014.5,
    "y": 237
  },
  "2ba33a29-2eb6-54da-bcfc-5d65af0884f8": {
    "x": 1476.5,
    "y": 790.75
  },
  "5be0d56c-16f6-57b6-b6f3-21fcf9721d59": {
    "x": 90.5,
    "y": 1153.25
  },
  "4f22e0a2-ed1b-5e56-a259-0bfeb7560b43": {
    "x": 90.5,
    "y": 1294.25
  },
  "7515e664-7626-5400-917d-e0ad0ca90a0c": {
    "x": 2862.5,
    "y": 659.75
  },
  "b3c1965d-b739-5c77-9e13-399a39408598": {
    "x": 552.5,
    "y": 851.25
  },
  "309395ec-efcf-5dac-ab91-32fcaf546489": {
    "x": 552.5,
    "y": 1123.25
  },
  "fe208038-04c0-518d-9933-6488570a049e": {
    "x": 783.5,
    "y": 45.75
  },
  "a0970ee3-17b4-55f5-8e44-496f07369f57": {
    "x": 2169.5,
    "y": 760.5
  },
  "b128613a-8ed1-5ae3-b46d-08701d27b1e3": {
    "x": 783.5,
    "y": 710.25
  },
  "d77e86a0-4099-53c7-b9fe-784166078a91": {
    "x": 1245.5,
    "y": 267.25
  },
  "369e56b8-67e6-59b9-a457-fbc518cd54ba": {
    "x": 2631.5,
    "y": 408.25
  },
  "9a2c1293-d824-531b-9016-6295f055f8fc": {
    "x": 2631.5,
    "y": 599.5
  },
  "58c76267-bcc7-53b9-9047-0f0c3720e828": {
    "x": 321.5,
    "y": 327.5
  },
  "f033c952-c874-588d-9de0-7b9381fcfd26": {
    "x": 2631.5,
    "y": 126.25
  },
  "84798f66-65b5-5525-a883-b7f8fcef98ff": {
    "x": 2846.9915254237285,
    "y": 424.81779661016947
  },
  "afcb7025-ccd6-578a-8468-de7a0c5ac9e9": {
    "x": 783.5,
    "y": 1083
  },
  "6fc5c448-a787-561b-942a-0921cbccf056": {
    "x": 1245.5,
    "y": 1173.5
  },
  "4aafed9e-2151-5374-a6d7-15e506ebacbd": {
    "x": 321.5,
    "y": 851.25
  },
  "f29ade86-90ee-53d7-8c64-6e38800b37b6": {
    "x": 2631.5,
    "y": 1254
  },
  "8aa16393-6759-5dbe-b6b4-908c834f8fcb": {
    "x": 2169.5,
    "y": 901.5
  },
  "bf3828fb-2c40-5199-8f50-ab2f92a9989b": {
    "x": 1707.5,
    "y": 750.5
  },
  "e5f504b3-14f5-5d43-a45a-b6a3f4d747cf": {
    "x": 2169.5,
    "y": 1042.5
  },
  "92ce9e30-6620-5d8d-9ecc-2445a05ea81d": {
    "x": 2631.5,
    "y": 851.25
  },
  "ea18b0e3-ecde-5f96-a857-df2c53527b2e": {
    "x": 2631.5,
    "y": 1113
  },
  "28400c89-770d-5ea5-9cd8-09c943a9529c": {
    "x": 2631.5,
    "y": 267.25
  },
  "aa33fda2-3864-5e7d-aa96-6f68a7aed29b": {
    "x": 783.5,
    "y": 851.25
  },
  "e8b7d64e-f107-5a13-b6c6-8c8c8e1d7cb0": {
    "x": 783.5,
    "y": 569.25
  }
}