{
  "d08e87bd-dab2-5d3b-82da-3f169976f088": {
    "x": 620,
    "y": 1070
  },
  "daee8070-25ae-5bbf-89da-ad50500e7d76": {
    "x": 150,
    "y": 980
  },
  "364cc2cb-61cc-5686-a0ac-55642c19035f": {
    "x": 624.4979253112033,
    "y": 1470
  },
  "705d3941-27c3-56d5-bfbe-ab7f71740566": {
    "x": 170,
    "y": 1470
  },
  "86f65f28-6459-5277-91ba-882f5ef6d346": {
    "x": 630,
    "y": 1230
  },
  "2dca05f1-618d-53ab-aa10-ac83cd77e19b": {
    "x": 1070,
    "y": 1470
  },
  "453e1ceb-cec1-564b-a70c-600cb2a7c33f": {
    "x": 579.2572614107884,
    "y": 800
  },
  "010c5417-f32f-5b90-be9f-779c7e5f1907": {
    "x": 150,
    "y": 750
  },
  "f2287a7d-a9cb-5bb3-8495-9112f9e0adf1": {
    "x": 366.8775933609959,
    "y": 691.746887966805
  },
  "0430c1a8-076e-5f12-8300-88a61da6d1a0": {
    "x": 650,
    "y": 680
  },
  "7704522c-981c-5169-91a4-10716eecc7dd": {
    "x": 400,
    "y": 1350
  },
  "4a0c2a2d-f8f1-5c60-a7c4-34d4d84810dc": {
    "x": 942.0082987551868,
    "y": 925.1307053941908
  },
  "ce7ec037-b360-58bc-ae55-09cebafc6082": {
    "x": 1080,
    "y": 1230
  },
  "231d2aad-979c-5d1b-a9aa-0b5eee576c94": {
    "x": 1050.5,
    "y": 170.25
  },
  "d717fd3d-3271-59b7-a4a1-88c5998dd9b7": {
    "x": 1280,
    "y": 1360
  },
  "92589f13-a2c2-510f-9256-ce2f83013271": {
    "x": 1080,
    "y": 1110
  },
  "44d8a924-f070-5a8b-95bd-17f02eaa3b4a": {
    "x": 846.2448132780082,
    "y": 1354.4979253112033
  },
  "94ab36c0-7dd5-5ac1-bbbf-c144872df1eb": {
    "x": 1290,
    "y": 1110
  },
  "66c51b1a-9542-54ed-a96d-47acb7d4b9d3": {
    "x": 840,
    "y": 1070
  },
  "040d781c-9f85-50b9-9fed-beb44bb604e0": {
    "x": 1285.5435684647302,
    "y": 991.3755186721992
  },
  "0864b1b3-96f5-5936-b185-629c9f00d871": {
    "x": 1070,
    "y": 1360
  },
  "7e28d754-4cf8-4013-a048-43da382dae68": {
    "x": 1050.5,
    "y": 283.75
  },
  "6a36b525-df54-469c-b84c-b0c9ccafe40f": {
    "x": 1241.5,
    "y": 283.75
  },
  "daca9d05-728f-550b-9e22-4c3d54427434": {
    "x": 625.8734439834025,
    "y": 1355.8734439834025
  },
  "40f96cfc-1dca-530f-80ce-4f94aa13cfb0": {
    "x": 850,
    "y": 1230
  },
  "bb48225e-2f92-5087-b897-4843e5f52a2b": {
    "x": 660,
    "y": 570
  },
  "089b896d-6a81-5e7c-b363-1df340163630": {
    "x": 170,
    "y": 1230
  },
  "11803355-d747-4bba-a52c-b85e698db102": {
    "x": 668.5,
    "y": 397.25
  },
  "b151bb54-cb3c-42b4-8539-446acc02b29f": {
    "x": 859.5,
    "y": 397.25
  },
  "12c29737-32fe-48a0-a97a-0822b117b9d1": {
    "x": 1050.5,
    "y": 397.25
  },
  "15ada15d-8d3e-59e7-8ac7-d7cf744ed727": {
    "x": 1070,
    "y": 766.9190871369295
  },
  "ba609406-7939-42f4-ab96-bde218613600": {
    "x": 1432.5,
    "y": 397.25
  },
  "f97d329f-fb0f-4f79-91d3-4d4c6cc3aa05": {
    "x": 95.5,
    "y": 510.75
  },
  "34040eb0-e1c0-4dcc-98ce-8ea8458a2d55": {
    "x": 286.5,
    "y": 510.75
  },
  "aff0c95b-db12-4ddc-a36a-829abd2a0eea": {
    "x": 477.5,
    "y": 510.75
  },
  "601e08cb-9915-5749-897c-c5ca3c08c259": {
    "x": 929.7800829875517,
    "y": 657.9917012448133
  },
  "d3991db6-edb6-5a39-a998-747a4310a47e": {
    "x": 1284.168049792531,
    "y": 768.253112033195
  },
  "9d9c12f1-193f-505b-aa4b-bb0b5396de0c": {
    "x": 1285.5435684647302,
    "y": 882.7510373443984
  },
  "ac266c23-bfdf-54b2-8644-d1f1cd582763": {
    "x": 1290,
    "y": 1230
  },
  "3259dc6a-9062-4381-967e-8f8b4ff70447": {
    "x": 1432.5,
    "y": 510.75
  },
  "04aca877-b6a2-42ff-80c9-e444d4b008f7": {
    "x": 95.5,
    "y": 624.25
  },
  "1c5713e0-660a-481c-835d-bcacc6b4be97": {
    "x": 286.5,
    "y": 624.25
  },
  "cedc5012-9ee0-5cf0-bd79-c329101733cf": {
    "x": 700,
    "y": 920
  },
  "db0dd831-b3b1-46a2-adbb-9d29376f81c9": {
    "x": 668.5,
    "y": 624.25
  },
  "bd4b8008-3103-462d-a586-f70d0a8119b4": {
    "x": 859.5,
    "y": 624.25
  },
  "510b261e-2e83-4203-8d50-29e48d444ac1": {
    "x": 1050.5,
    "y": 624.25
  },
  "2cd3cbb8-77d9-50dd-8a0d-6e28fd5f1082": {
    "x": 390,
    "y": 980
  },
  "6e7e9964-2258-5b6a-bc0b-dc8c7fb75608": {
    "x": 170,
    "y": 1350
  },
  "9d1ff74d-d78e-532d-bcbb-d9b43ace06d9": {
    "x": 400,
    "y": 1470
  },
  "1da19de3-45de-583f-b9ca-9bd1d3ff8423": {
    "x": 150,
    "y": 1100
  },
  "b27a40f0-f825-4c95-b26d-ff688ee5cec5": {
    "x": 477.5,
    "y": 737.75
  },
  "c3e09160-08d2-4928-b7b9-7c834ced89e3": {
    "x": 668.5,
    "y": 737.75
  },
  "5a7b8aad-60b5-5981-90bd-86eaa07dbd29": {
    "x": 390,
    "y": 1100
  },
  "e7bd564d-6b20-5986-baeb-5bead48435e8": {
    "x": 400,
    "y": 1230
  },
  "996049e9-d315-55a2-ab98-05d7b6ed82e8": {
    "x": 847.6203319502075,
    "y": 1470
  },
  "c50e0b24-dca2-5946-a9f2-377e38e09eb2": {
    "x": 1280,
    "y": 1480
  },
  "8bff07d3-25ee-5b21-a08b-dab02abe03eb": {
    "x": 799.8900414937759,
    "y": 795.5020746887966
  },
  "e146ccce-7547-5024-8417-8e87db3e798b": {
    "x": 366.50622406639,
    "y": 802.1182572614108
  },
  "79915597-67b8-54b3-a44e-0d73a5865b38": {
    "x": 150,
    "y": 860
  },
  "877a5d3f-adba-4fac-9d61-5a1eb17fa20f": {
    "x": 668.5,
    "y": 851.25
  },
  "d456216f-f731-4c16-ae02-c6c3c1366ec8": {
    "x": 859.5,
    "y": 851.25
  },
  "a4e7aea5-db18-47e2-a865-2bc2d1bd208e": {
    "x": 1050.5,
    "y": 851.25
  },
  "ff60c358-edc7-5d1a-b2eb-d41a5fb70dff": {
    "x": 231.37551867219918,
    "y": 574.8692946058092
  },
  "3887b9c7-2e6e-50eb-a696-2d90bd921ece": {
    "x": 442.37966804979254,
    "y": 573.49377593361
  }
}