{
  "d08e87bd-dab2-5d3b-82da-3f169976f088": {
    "x": 620,
    "y": 1070
  },
  "daee8070-25ae-5bbf-89da-ad50500e7d76": {
    "x": 150,
    "y": 980
  },
  "364cc2cb-61cc-5686-a0ac-55642c19035f": {
    "x": 632.7029329196263,
    "y": 1474.953300667338
  },
  "705d3941-27c3-56d5-bfbe-ab7f71740566": {
    "x": 173.58424998151077,
    "y": 1467.629154450068
  },
  "86f65f28-6459-5277-91ba-882f5ef6d346": {
    "x": 630,
    "y": 1230
  },
  "2dca05f1-618d-53ab-aa10-ac83cd77e19b": {
    "x": 1070,
    "y": 1470
  },
  "453e1ceb-cec1-564b-a70c-600cb2a7c33f": {
    "x": 560,
    "y": 800
  },
  "010c5417-f32f-5b90-be9f-779c7e5f1907": {
    "x": 150,
    "y": 750
  },
  "f2287a7d-a9cb-5bb3-8495-9112f9e0adf1": {
    "x": 360,
    "y": 700
  },
  "0430c1a8-076e-5f12-8300-88a61da6d1a0": {
    "x": 650,
    "y": 680
  },
  "7704522c-981c-5169-91a4-10716eecc7dd": {
    "x": 400,
    "y": 1350
  },
  "4a0c2a2d-f8f1-5c60-a7c4-34d4d84810dc": {
    "x": 920,
    "y": 910
  },
  "ce7ec037-b360-58bc-ae55-09cebafc6082": {
    "x": 1080,
    "y": 1230
  },
  "231d2aad-979c-5d1b-a9aa-0b5eee576c94": {
    "x": 326,
    "y": 47
  },
  "d717fd3d-3271-59b7-a4a1-88c5998dd9b7": {
    "x": 1280,
    "y": 1360
  },
  "92589f13-a2c2-510f-9256-ce2f83013271": {
    "x": 1080,
    "y": 1110
  },
  "44d8a924-f070-5a8b-95bd-17f02eaa3b4a": {
    "x": 860,
    "y": 1360
  },
  "94ab36c0-7dd5-5ac1-bbbf-c144872df1eb": {
    "x": 1290,
    "y": 1110
  },
  "66c51b1a-9542-54ed-a96d-47acb7d4b9d3": {
    "x": 840,
    "y": 1070
  },
  "040d781c-9f85-50b9-9fed-beb44bb604e0": {
    "x": 1170,
    "y": 990
  },
  "0864b1b3-96f5-5936-b185-629c9f00d871": {
    "x": 1070,
    "y": 1360
  },
  "effa1264-05db-4eed-9f32-7dc3f1732341": {
    "x": 286.5,
    "y": 310.35714285714283
  },
  "c99b25a5-1ccc-4bcf-9726-a80390480c84": {
    "x": 477.5,
    "y": 310.35714285714283
  },
  "daca9d05-728f-550b-9e22-4c3d54427434": {
    "x": 634.6051066037597,
    "y": 1357.530954625197
  },
  "40f96cfc-1dca-530f-80ce-4f94aa13cfb0": {
    "x": 850,
    "y": 1230
  },
  "bb48225e-2f92-5087-b897-4843e5f52a2b": {
    "x": 660,
    "y": 570
  },
  "089b896d-6a81-5e7c-b363-1df340163630": {
    "x": 174.74169109986363,
    "y": 1230.5166178002726
  },
  "1241566d-d764-4807-acf2-a3d306e1a329": {
    "x": 1432.5,
    "y": 310.35714285714283
  },
  "85b69440-706a-4feb-a809-f10b7dcf8bbc": {
    "x": 1623.5,
    "y": 310.35714285714283
  },
  "52972dec-cfb1-4a6b-91d9-5456c0694d9e": {
    "x": 1814.5,
    "y": 310.35714285714283
  },
  "15ada15d-8d3e-59e7-8ac7-d7cf744ed727": {
    "x": 1070,
    "y": 650
  },
  "bdfdea45-b0b2-46be-ac8e-87ea557f226b": {
    "x": 286.5,
    "y": 434.5
  },
  "e2b123de-6a2d-4768-8630-eafbeb5cc01b": {
    "x": 477.5,
    "y": 434.5
  },
  "28b2adc6-4ddc-4db5-9821-60d16e396440": {
    "x": 668.5,
    "y": 434.5
  },
  "9a986933-3a7b-4806-9a3a-c8679d05b249": {
    "x": 859.5,
    "y": 434.5
  },
  "601e08cb-9915-5749-897c-c5ca3c08c259": {
    "x": 850,
    "y": 680
  },
  "d3991db6-edb6-5a39-a998-747a4310a47e": {
    "x": 1170,
    "y": 760
  },
  "9d9c12f1-193f-505b-aa4b-bb0b5396de0c": {
    "x": 1170,
    "y": 880
  },
  "ac266c23-bfdf-54b2-8644-d1f1cd582763": {
    "x": 1290,
    "y": 1230
  },
  "6cb37059-8511-4e58-ad27-54f89318e74c": {
    "x": 1814.5,
    "y": 434.5
  },
  "9fa8c0b9-133a-46b2-a8da-703301ea66ac": {
    "x": 95.5,
    "y": 558.6428571428571
  },
  "54e7987b-7dc5-4150-8a45-9aec7e754534": {
    "x": 286.5,
    "y": 558.6428571428571
  },
  "cedc5012-9ee0-5cf0-bd79-c329101733cf": {
    "x": 700,
    "y": 920
  },
  "2b5b3961-7644-413b-8ba6-c35f10b0a27f": {
    "x": 668.5,
    "y": 558.6428571428571
  },
  "ea3df698-4677-41fd-9e31-6c6ac4312d53": {
    "x": 859.5,
    "y": 558.6428571428571
  },
  "512d5854-e581-4576-a136-dc89eb283853": {
    "x": 1050.5,
    "y": 558.6428571428571
  },
  "2cd3cbb8-77d9-50dd-8a0d-6e28fd5f1082": {
    "x": 390,
    "y": 980
  },
  "6e7e9964-2258-5b6a-bc0b-dc8c7fb75608": {
    "x": 172.37084554993183,
    "y": 1350.7288612517043
  },
  "9d1ff74d-d78e-532d-bcbb-d9b43ace06d9": {
    "x": 400.9013769949227,
    "y": 1473.2180750491098
  },
  "1da19de3-45de-583f-b9ca-9bd1d3ff8423": {
    "x": 150,
    "y": 1100
  },
  "8c924a2f-5ed7-4ff7-81da-8f216857e619": {
    "x": 95.5,
    "y": 682.7857142857142
  },
  "8692b1c3-86be-4dab-8ed9-a126819b568b": {
    "x": 286.5,
    "y": 682.7857142857142
  },
  "5a7b8aad-60b5-5981-90bd-86eaa07dbd29": {
    "x": 390,
    "y": 1100
  },
  "e7bd564d-6b20-5986-baeb-5bead48435e8": {
    "x": 400,
    "y": 1230
  },
  "996049e9-d315-55a2-ab98-05d7b6ed82e8": {
    "x": 860,
    "y": 1470
  },
  "c50e0b24-dca2-5946-a9f2-377e38e09eb2": {
    "x": 1280,
    "y": 1480
  },
  "8bff07d3-25ee-5b21-a08b-dab02abe03eb": {
    "x": 760,
    "y": 790
  },
  "e146ccce-7547-5024-8417-8e87db3e798b": {
    "x": 350,
    "y": 820
  },
  "79915597-67b8-54b3-a44e-0d73a5865b38": {
    "x": 150,
    "y": 860
  },
  "213c8091-fa71-4ef5-9019-86d140e63174": {
    "x": 1814.5,
    "y": 682.7857142857142
  },
  "235055d5-0210-4dc5-8af5-a1bf37ef212a": {
    "x": 95.5,
    "y": 806.9285714285714
  },
  "f9b10357-4e27-4f5c-9891-4216dbbfd72e": {
    "x": 286.5,
    "y": 806.9285714285714
  },
  "ff60c358-edc7-5d1a-b2eb-d41a5fb70dff": {
    "x": 230,
    "y": 590
  },
  "3887b9c7-2e6e-50eb-a696-2d90bd921ece": {
    "x": 430,
    "y": 590
  }
}