{
  "d44d69c6-03f4-5658-b799-13e84b34cef8": {
    "x": -517.9276920679445,
    "y": -397.19675168389523
  },
  "4a6969ec-dcf2-567b-9f43-c97606341f88": {
    "x": -627.3172649039876,
    "y": -271.2208543279137
  },
  "94ca8239-6d47-5a00-92a0-c9129b8fa9b5": {
    "x": 60,
    "y": 50
  },
  "0539b6f8-146a-5ffe-b253-e98e1d192b03": {
    "x": -170,
    "y": -220
  },
  "cb990a3f-552e-509a-b7b0-7220eaddb704": {
    "x": -400,
    "y": 120
  },
  "f387dab8-340f-578e-8f3e-02daaf4dca3c": {
    "x": -630,
    "y": 120
  },
  "3450e657-f85f-5365-8ed3-118d64b84419": {
    "x": 550,
    "y": 100
  },
  "d20b52a5-0f53-5aa3-a3b5-a6c966c40deb": {
    "x": 63.41367548006153,
    "y": -407.9276920679445
  },
  "b5a25b31-36cf-5366-8582-34672fd945db": {
    "x": 550,
    "y": -180
  },
  "aa092ec4-b5bd-5796-9108-7011ce94ed6e": {
    "x": 331.3413675480063,
    "y": -281.71076827177797
  },
  "c46083aa-48ac-5572-ac24-4028f8e22fc2": {
    "x": -400,
    "y": -10
  },
  "2ba33a29-2eb6-54da-bcfc-5d65af0884f8": {
    "x": 300,
    "y": 390
  },
  "5be0d56c-16f6-57b6-b6f3-21fcf9721d59": {
    "x": -170,
    "y": 390
  },
  "4f22e0a2-ed1b-5e56-a259-0bfeb7560b43": {
    "x": -398.6586324519938,
    "y": -271.22085432791374
  },
  "7515e664-7626-5400-917d-e0ad0ca90a0c": {
    "x": 1050.5,
    "y": 207.5
  },
  "b3c1965d-b739-5c77-9e13-399a39408598": {
    "x": -630,
    "y": 390
  },
  "309395ec-efcf-5dac-ab91-32fcaf546489": {
    "x": 60,
    "y": 530
  },
  "44d8a924-f070-5a8b-95bd-17f02eaa3b4a": {
    "x": -400,
    "y": 260
  },
  "fe208038-04c0-518d-9933-6488570a049e": {
    "x": 60,
    "y": -120
  },
  "a0970ee3-17b4-55f5-8e44-496f07369f57": {
    "x": 330,
    "y": 80
  },
  "b128613a-8ed1-5ae3-b46d-08701d27b1e3": {
    "x": -170,
    "y": 70
  },
  "9f0b0234-c04b-5b15-aee8-feeba49acc62": {
    "x": 179.76683462330976,
    "y": 197.5425692171835
  },
  "5bfa1694-0e43-41e0-b39b-adc377be2fc6": {
    "x": 859.5,
    "y": 345.83333333333337
  },
  "4f305af3-5f25-42b7-b298-6af12b05a400": {
    "x": 1050.5,
    "y": 345.83333333333337
  },
  "7f4a4944-b5fc-517c-9bbd-1b4da58b2521": {
    "x": 60,
    "y": -280
  },
  "965657b1-900c-4030-af0c-9c04e88d028b": {
    "x": 1432.5,
    "y": 345.83333333333337
  },
  "12473adf-c75c-4cb8-9308-7decafe40523": {
    "x": 1623.5,
    "y": 345.83333333333337
  },
  "bcb4d5bf-2cdb-4e7e-98f5-624de2ad6b7e": {
    "x": 95.5,
    "y": 484.1666666666667
  },
  "f033c952-c874-588d-9de0-7b9381fcfd26": {
    "x": -170,
    "y": -350
  },
  "84798f66-65b5-5525-a883-b7f8fcef98ff": {
    "x": -400,
    "y": -150
  },
  "afcb7025-ccd6-578a-8468-de7a0c5ac9e9": {
    "x": 60,
    "y": 390
  },
  "6fc5c448-a787-561b-942a-0921cbccf056": {
    "x": 300,
    "y": 530
  },
  "4aafed9e-2151-5374-a6d7-15e506ebacbd": {
    "x": -630,
    "y": 260
  },
  "f29ade86-90ee-53d7-8c64-6e38800b37b6": {
    "x": -630,
    "y": -10
  },
  "8aa16393-6759-5dbe-b6b4-908c834f8fcb": {
    "x": 400,
    "y": 230
  },
  "bf3828fb-2c40-5199-8f50-ab2f92a9989b": {
    "x": 530,
    "y": 370
  },
  "e5f504b3-14f5-5d43-a45a-b6a3f4d747cf": {
    "x": 550,
    "y": -30
  },
  "92ce9e30-6620-5d8d-9ecc-2445a05ea81d": {
    "x": 550,
    "y": -330
  },
  "ea18b0e3-ecde-5f96-a857-df2c53527b2e": {
    "x": 330,
    "y": -96.10427163956852
  },
  "28400c89-770d-5ea5-9cd8-09c943a9529c": {
    "x": 331.34136754800613,
    "y": -417.0762384638028
  },
  "e233a949-ede0-5d39-b3da-9dbc27da9b84": {
    "x": -400,
    "y": 390
  },
  "87699e52-7454-4e16-a0e4-e497dce8c25b": {
    "x": 1050.5,
    "y": 622.5
  },
  "47a651d4-ef48-40ca-bc62-57641792b294": {
    "x": 1241.5,
    "y": 622.5
  },
  "40f96cfc-1dca-530f-80ce-4f94aa13cfb0": {
    "x": -170,
    "y": 220
  },
  "e8b7d64e-f107-5a13-b6c6-8c8c8e1d7cb0": {
    "x": -170,
    "y": -80
  },
  "3d1785ee-8518-5007-9cd5-bb23466f5199": {
    "x": -400,
    "y": 530
  },
  "b6ff40b6-561a-400b-9ddd-f0479e4869ed": {
    "x": 286.5,
    "y": 760.8333333333334
  },
  "ae489ddd-1f25-4a8e-9b89-eba6be4c744c": {
    "x": 477.5,
    "y": 760.8333333333334
  },
  "cc72919e-ba46-4560-a23f-34e190120359": {
    "x": 668.5,
    "y": 760.8333333333334
  },
  "074e6b5c-846a-5a58-b369-ccc1bdc3098a": {
    "x": -170,
    "y": 530
  },
  "291eec77-e67a-5495-ae06-b68a8cc262f0": {
    "x": -630,
    "y": -140
  }
}